URL,Tag,Hit,Parameter,Valuehttps://www.labanquepostale.fr/,Xiti,https://logs.xiti.com/hit.xiti?s=388889&idclient=170025202300225183&s2=1&p=particuliers::accueil_PARTICULIERS&hl=20x23x0&vrn=1&ac=&an=&lng=en-US&idp=2023003888917&jv=0&re=1920x1080&vtag=44007&hl=20x23x0&r=1024x768x32x32&ref=,s,388889
https://www.labanquepostale.fr/,Xiti,https://logs.xiti.com/hit.xiti?s=388889&idclient=170025202300225183&s2=1&p=particuliers::accueil_PARTICULIERS&hl=20x23x0&vrn=1&ac=&an=&lng=en-US&idp=2023003888917&jv=0&re=1920x1080&vtag=44007&hl=20x23x0&r=1024x768x32x32&ref=,idclient,170025202300225183
https://www.labanquepostale.fr/,Xiti,https://logs.xiti.com/hit.xiti?s=388889&idclient=170025202300225183&s2=1&p=particuliers::accueil_PARTICULIERS&hl=20x23x0&vrn=1&ac=&an=&lng=en-US&idp=2023003888917&jv=0&re=1920x1080&vtag=44007&hl=20x23x0&r=1024x768x32x32&ref=,s2,1
https://www.labanquepostale.fr/,Xiti,https://logs.xiti.com/hit.xiti?s=388889&idclient=170025202300225183&s2=1&p=particuliers::accueil_PARTICULIERS&hl=20x23x0&vrn=1&ac=&an=&lng=en-US&idp=2023003888917&jv=0&re=1920x1080&vtag=44007&hl=20x23x0&r=1024x768x32x32&ref=,p,particuliers::accueil_PARTICULIERS
https://www.labanquepostale.fr/,Xiti,https://logs.xiti.com/hit.xiti?s=388889&idclient=170025202300225183&s2=1&p=particuliers::accueil_PARTICULIERS&hl=20x23x0&vrn=1&ac=&an=&lng=en-US&idp=2023003888917&jv=0&re=1920x1080&vtag=44007&hl=20x23x0&r=1024x768x32x32&ref=,hl,20x23x0
https://www.labanquepostale.fr/,Xiti,https://logs.xiti.com/hit.xiti?s=388889&idclient=170025202300225183&s2=1&p=particuliers::accueil_PARTICULIERS&hl=20x23x0&vrn=1&ac=&an=&lng=en-US&idp=2023003888917&jv=0&re=1920x1080&vtag=44007&hl=20x23x0&r=1024x768x32x32&ref=,vrn,1
https://www.labanquepostale.fr/,Xiti,https://logs.xiti.com/hit.xiti?s=388889&idclient=170025202300225183&s2=1&p=particuliers::accueil_PARTICULIERS&hl=20x23x0&vrn=1&ac=&an=&lng=en-US&idp=2023003888917&jv=0&re=1920x1080&vtag=44007&hl=20x23x0&r=1024x768x32x32&ref=,ac,
https://www.labanquepostale.fr/,Xiti,https://logs.xiti.com/hit.xiti?s=388889&idclient=170025202300225183&s2=1&p=particuliers::accueil_PARTICULIERS&hl=20x23x0&vrn=1&ac=&an=&lng=en-US&idp=2023003888917&jv=0&re=1920x1080&vtag=44007&hl=20x23x0&r=1024x768x32x32&ref=,an,
https://www.labanquepostale.fr/,Xiti,https://logs.xiti.com/hit.xiti?s=388889&idclient=170025202300225183&s2=1&p=particuliers::accueil_PARTICULIERS&hl=20x23x0&vrn=1&ac=&an=&lng=en-US&idp=2023003888917&jv=0&re=1920x1080&vtag=44007&hl=20x23x0&r=1024x768x32x32&ref=,lng,en-US
https://www.labanquepostale.fr/,Xiti,https://logs.xiti.com/hit.xiti?s=388889&idclient=170025202300225183&s2=1&p=particuliers::accueil_PARTICULIERS&hl=20x23x0&vrn=1&ac=&an=&lng=en-US&idp=2023003888917&jv=0&re=1920x1080&vtag=44007&hl=20x23x0&r=1024x768x32x32&ref=,idp,2023003888917
https://www.labanquepostale.fr/,Xiti,https://logs.xiti.com/hit.xiti?s=388889&idclient=170025202300225183&s2=1&p=particuliers::accueil_PARTICULIERS&hl=20x23x0&vrn=1&ac=&an=&lng=en-US&idp=2023003888917&jv=0&re=1920x1080&vtag=44007&hl=20x23x0&r=1024x768x32x32&ref=,jv,0
https://www.labanquepostale.fr/,Xiti,https://logs.xiti.com/hit.xiti?s=388889&idclient=170025202300225183&s2=1&p=particuliers::accueil_PARTICULIERS&hl=20x23x0&vrn=1&ac=&an=&lng=en-US&idp=2023003888917&jv=0&re=1920x1080&vtag=44007&hl=20x23x0&r=1024x768x32x32&ref=,re,1920x1080
https://www.labanquepostale.fr/,Xiti,https://logs.xiti.com/hit.xiti?s=388889&idclient=170025202300225183&s2=1&p=particuliers::accueil_PARTICULIERS&hl=20x23x0&vrn=1&ac=&an=&lng=en-US&idp=2023003888917&jv=0&re=1920x1080&vtag=44007&hl=20x23x0&r=1024x768x32x32&ref=,vtag,44007
https://www.labanquepostale.fr/,Xiti,https://logs.xiti.com/hit.xiti?s=388889&idclient=170025202300225183&s2=1&p=particuliers::accueil_PARTICULIERS&hl=20x23x0&vrn=1&ac=&an=&lng=en-US&idp=2023003888917&jv=0&re=1920x1080&vtag=44007&hl=20x23x0&r=1024x768x32x32&ref=,r,1024x768x32x32
https://www.labanquepostale.fr/,Xiti,https://logs.xiti.com/hit.xiti?s=388889&idclient=170025202300225183&s2=1&p=particuliers::accueil_PARTICULIERS&hl=20x23x0&vrn=1&ac=&an=&lng=en-US&idp=2023003888917&jv=0&re=1920x1080&vtag=44007&hl=20x23x0&r=1024x768x32x32&ref=,ref,
https://www.labanquepostale.fr/,1000mercis,https://mmtro.com/p?tagid=6545227-27ab63cf40b61ceb2e41f503aeaf4393&vck=1&r1=300c6bec-3df4-49af-baf2-2a7fbd8b6973&vruid=300c6bec-3df4-49af-baf2-2a7fbd8b6973&rtgxiti_xtpage=particuliers%3A%3Aaccueil_PARTICULIERS&u=https%3A%2F%2Fwww.labanquepostale.fr%2F&rnd=679221224,tagid,6545227-27ab63cf40b61ceb2e41f503aeaf4393
https://www.labanquepostale.fr/,1000mercis,https://mmtro.com/p?tagid=6545227-27ab63cf40b61ceb2e41f503aeaf4393&vck=1&r1=300c6bec-3df4-49af-baf2-2a7fbd8b6973&vruid=300c6bec-3df4-49af-baf2-2a7fbd8b6973&rtgxiti_xtpage=particuliers%3A%3Aaccueil_PARTICULIERS&u=https%3A%2F%2Fwww.labanquepostale.fr%2F&rnd=679221224,vck,1
https://www.labanquepostale.fr/,1000mercis,https://mmtro.com/p?tagid=6545227-27ab63cf40b61ceb2e41f503aeaf4393&vck=1&r1=300c6bec-3df4-49af-baf2-2a7fbd8b6973&vruid=300c6bec-3df4-49af-baf2-2a7fbd8b6973&rtgxiti_xtpage=particuliers%3A%3Aaccueil_PARTICULIERS&u=https%3A%2F%2Fwww.labanquepostale.fr%2F&rnd=679221224,r1,300c6bec-3df4-49af-baf2-2a7fbd8b6973
https://www.labanquepostale.fr/,1000mercis,https://mmtro.com/p?tagid=6545227-27ab63cf40b61ceb2e41f503aeaf4393&vck=1&r1=300c6bec-3df4-49af-baf2-2a7fbd8b6973&vruid=300c6bec-3df4-49af-baf2-2a7fbd8b6973&rtgxiti_xtpage=particuliers%3A%3Aaccueil_PARTICULIERS&u=https%3A%2F%2Fwww.labanquepostale.fr%2F&rnd=679221224,vruid,300c6bec-3df4-49af-baf2-2a7fbd8b6973
https://www.labanquepostale.fr/,1000mercis,https://mmtro.com/p?tagid=6545227-27ab63cf40b61ceb2e41f503aeaf4393&vck=1&r1=300c6bec-3df4-49af-baf2-2a7fbd8b6973&vruid=300c6bec-3df4-49af-baf2-2a7fbd8b6973&rtgxiti_xtpage=particuliers%3A%3Aaccueil_PARTICULIERS&u=https%3A%2F%2Fwww.labanquepostale.fr%2F&rnd=679221224,rtgxiti_xtpage,particuliers%3A%3Aaccueil_PARTICULIERS
https://www.labanquepostale.fr/,1000mercis,https://mmtro.com/p?tagid=6545227-27ab63cf40b61ceb2e41f503aeaf4393&vck=1&r1=300c6bec-3df4-49af-baf2-2a7fbd8b6973&vruid=300c6bec-3df4-49af-baf2-2a7fbd8b6973&rtgxiti_xtpage=particuliers%3A%3Aaccueil_PARTICULIERS&u=https%3A%2F%2Fwww.labanquepostale.fr%2F&rnd=679221224,u,https%3A%2F%2Fwww.labanquepostale.fr%2F
https://www.labanquepostale.fr/,1000mercis,https://mmtro.com/p?tagid=6545227-27ab63cf40b61ceb2e41f503aeaf4393&vck=1&r1=300c6bec-3df4-49af-baf2-2a7fbd8b6973&vruid=300c6bec-3df4-49af-baf2-2a7fbd8b6973&rtgxiti_xtpage=particuliers%3A%3Aaccueil_PARTICULIERS&u=https%3A%2F%2Fwww.labanquepostale.fr%2F&rnd=679221224,rnd,679221224
https://www.labanquepostale.fr/portail.entreprises.html,Xiti,https://logs.xiti.com/hit.xiti?s=388889&idclient=170025202300225183&s2=1&p=particuliers::accueil_ENTREPRISES&hl=20x23x2&ac=&an=&lng=en-US&idp=2023026438468&jv=0&re=1920x1080&vtag=44007&hl=20x23x2&r=1024x768x32x32&ref=,s,388889
https://www.labanquepostale.fr/portail.entreprises.html,Xiti,https://logs.xiti.com/hit.xiti?s=388889&idclient=170025202300225183&s2=1&p=particuliers::accueil_ENTREPRISES&hl=20x23x2&ac=&an=&lng=en-US&idp=2023026438468&jv=0&re=1920x1080&vtag=44007&hl=20x23x2&r=1024x768x32x32&ref=,idclient,170025202300225183
https://www.labanquepostale.fr/portail.entreprises.html,Xiti,https://logs.xiti.com/hit.xiti?s=388889&idclient=170025202300225183&s2=1&p=particuliers::accueil_ENTREPRISES&hl=20x23x2&ac=&an=&lng=en-US&idp=2023026438468&jv=0&re=1920x1080&vtag=44007&hl=20x23x2&r=1024x768x32x32&ref=,s2,1
https://www.labanquepostale.fr/portail.entreprises.html,Xiti,https://logs.xiti.com/hit.xiti?s=388889&idclient=170025202300225183&s2=1&p=particuliers::accueil_ENTREPRISES&hl=20x23x2&ac=&an=&lng=en-US&idp=2023026438468&jv=0&re=1920x1080&vtag=44007&hl=20x23x2&r=1024x768x32x32&ref=,p,particuliers::accueil_ENTREPRISES
https://www.labanquepostale.fr/portail.entreprises.html,Xiti,https://logs.xiti.com/hit.xiti?s=388889&idclient=170025202300225183&s2=1&p=particuliers::accueil_ENTREPRISES&hl=20x23x2&ac=&an=&lng=en-US&idp=2023026438468&jv=0&re=1920x1080&vtag=44007&hl=20x23x2&r=1024x768x32x32&ref=,hl,20x23x2
https://www.labanquepostale.fr/portail.entreprises.html,Xiti,https://logs.xiti.com/hit.xiti?s=388889&idclient=170025202300225183&s2=1&p=particuliers::accueil_ENTREPRISES&hl=20x23x2&ac=&an=&lng=en-US&idp=2023026438468&jv=0&re=1920x1080&vtag=44007&hl=20x23x2&r=1024x768x32x32&ref=,ac,
https://www.labanquepostale.fr/portail.entreprises.html,Xiti,https://logs.xiti.com/hit.xiti?s=388889&idclient=170025202300225183&s2=1&p=particuliers::accueil_ENTREPRISES&hl=20x23x2&ac=&an=&lng=en-US&idp=2023026438468&jv=0&re=1920x1080&vtag=44007&hl=20x23x2&r=1024x768x32x32&ref=,an,
https://www.labanquepostale.fr/portail.entreprises.html,Xiti,https://logs.xiti.com/hit.xiti?s=388889&idclient=170025202300225183&s2=1&p=particuliers::accueil_ENTREPRISES&hl=20x23x2&ac=&an=&lng=en-US&idp=2023026438468&jv=0&re=1920x1080&vtag=44007&hl=20x23x2&r=1024x768x32x32&ref=,lng,en-US
https://www.labanquepostale.fr/portail.entreprises.html,Xiti,https://logs.xiti.com/hit.xiti?s=388889&idclient=170025202300225183&s2=1&p=particuliers::accueil_ENTREPRISES&hl=20x23x2&ac=&an=&lng=en-US&idp=2023026438468&jv=0&re=1920x1080&vtag=44007&hl=20x23x2&r=1024x768x32x32&ref=,idp,2023026438468
https://www.labanquepostale.fr/portail.entreprises.html,Xiti,https://logs.xiti.com/hit.xiti?s=388889&idclient=170025202300225183&s2=1&p=particuliers::accueil_ENTREPRISES&hl=20x23x2&ac=&an=&lng=en-US&idp=2023026438468&jv=0&re=1920x1080&vtag=44007&hl=20x23x2&r=1024x768x32x32&ref=,jv,0
https://www.labanquepostale.fr/portail.entreprises.html,Xiti,https://logs.xiti.com/hit.xiti?s=388889&idclient=170025202300225183&s2=1&p=particuliers::accueil_ENTREPRISES&hl=20x23x2&ac=&an=&lng=en-US&idp=2023026438468&jv=0&re=1920x1080&vtag=44007&hl=20x23x2&r=1024x768x32x32&ref=,re,1920x1080
https://www.labanquepostale.fr/portail.entreprises.html,Xiti,https://logs.xiti.com/hit.xiti?s=388889&idclient=170025202300225183&s2=1&p=particuliers::accueil_ENTREPRISES&hl=20x23x2&ac=&an=&lng=en-US&idp=2023026438468&jv=0&re=1920x1080&vtag=44007&hl=20x23x2&r=1024x768x32x32&ref=,vtag,44007
https://www.labanquepostale.fr/portail.entreprises.html,Xiti,https://logs.xiti.com/hit.xiti?s=388889&idclient=170025202300225183&s2=1&p=particuliers::accueil_ENTREPRISES&hl=20x23x2&ac=&an=&lng=en-US&idp=2023026438468&jv=0&re=1920x1080&vtag=44007&hl=20x23x2&r=1024x768x32x32&ref=,r,1024x768x32x32
https://www.labanquepostale.fr/portail.entreprises.html,Xiti,https://logs.xiti.com/hit.xiti?s=388889&idclient=170025202300225183&s2=1&p=particuliers::accueil_ENTREPRISES&hl=20x23x2&ac=&an=&lng=en-US&idp=2023026438468&jv=0&re=1920x1080&vtag=44007&hl=20x23x2&r=1024x768x32x32&ref=,ref,
https://www.labanquepostale.fr/portail.entreprises.html,GA,https://ssl.google-analytics.com/__utm.gif?utmwv=5.6.7&utms=2&utmn=482738987&utmhn=www.labanquepostale.fr&utmcs=UTF-8&utmsr=1024x768&utmvp=1920x1080&utmsc=32-bit&utmul=en-us&utmje=0&utmfl=-&utmdt=Banque%20-%20banque%20en%20ligne%20-%20La%20Banque%20Postale%20%E2%80%93%20La%20Banque%20Postale&utmhid=906952689&utmr=-&utmp=%2Fportail.entreprises.html&utmht=1485372182846&utmac=UA-9562247-1&utmcc=__utma%3D103110173.604943071.1485372181.1485372181.1485372181.1%3B%2B__utmz%3D103110173.1485372181.1.1.utmcsr%3D(direct)%7Cutmccn%3D(direct)%7Cutmcmd%3D(none)%3B&utmjid=&utmu=qAAAAAAAAAAAAAAAAAAAAAAE~,utmwv,5.6.7
https://www.labanquepostale.fr/portail.entreprises.html,GA,https://ssl.google-analytics.com/__utm.gif?utmwv=5.6.7&utms=2&utmn=482738987&utmhn=www.labanquepostale.fr&utmcs=UTF-8&utmsr=1024x768&utmvp=1920x1080&utmsc=32-bit&utmul=en-us&utmje=0&utmfl=-&utmdt=Banque%20-%20banque%20en%20ligne%20-%20La%20Banque%20Postale%20%E2%80%93%20La%20Banque%20Postale&utmhid=906952689&utmr=-&utmp=%2Fportail.entreprises.html&utmht=1485372182846&utmac=UA-9562247-1&utmcc=__utma%3D103110173.604943071.1485372181.1485372181.1485372181.1%3B%2B__utmz%3D103110173.1485372181.1.1.utmcsr%3D(direct)%7Cutmccn%3D(direct)%7Cutmcmd%3D(none)%3B&utmjid=&utmu=qAAAAAAAAAAAAAAAAAAAAAAE~,utms,2
https://www.labanquepostale.fr/portail.entreprises.html,GA,https://ssl.google-analytics.com/__utm.gif?utmwv=5.6.7&utms=2&utmn=482738987&utmhn=www.labanquepostale.fr&utmcs=UTF-8&utmsr=1024x768&utmvp=1920x1080&utmsc=32-bit&utmul=en-us&utmje=0&utmfl=-&utmdt=Banque%20-%20banque%20en%20ligne%20-%20La%20Banque%20Postale%20%E2%80%93%20La%20Banque%20Postale&utmhid=906952689&utmr=-&utmp=%2Fportail.entreprises.html&utmht=1485372182846&utmac=UA-9562247-1&utmcc=__utma%3D103110173.604943071.1485372181.1485372181.1485372181.1%3B%2B__utmz%3D103110173.1485372181.1.1.utmcsr%3D(direct)%7Cutmccn%3D(direct)%7Cutmcmd%3D(none)%3B&utmjid=&utmu=qAAAAAAAAAAAAAAAAAAAAAAE~,utmn,482738987
https://www.labanquepostale.fr/portail.entreprises.html,GA,https://ssl.google-analytics.com/__utm.gif?utmwv=5.6.7&utms=2&utmn=482738987&utmhn=www.labanquepostale.fr&utmcs=UTF-8&utmsr=1024x768&utmvp=1920x1080&utmsc=32-bit&utmul=en-us&utmje=0&utmfl=-&utmdt=Banque%20-%20banque%20en%20ligne%20-%20La%20Banque%20Postale%20%E2%80%93%20La%20Banque%20Postale&utmhid=906952689&utmr=-&utmp=%2Fportail.entreprises.html&utmht=1485372182846&utmac=UA-9562247-1&utmcc=__utma%3D103110173.604943071.1485372181.1485372181.1485372181.1%3B%2B__utmz%3D103110173.1485372181.1.1.utmcsr%3D(direct)%7Cutmccn%3D(direct)%7Cutmcmd%3D(none)%3B&utmjid=&utmu=qAAAAAAAAAAAAAAAAAAAAAAE~,utmhn,www.labanquepostale.fr
https://www.labanquepostale.fr/portail.entreprises.html,GA,https://ssl.google-analytics.com/__utm.gif?utmwv=5.6.7&utms=2&utmn=482738987&utmhn=www.labanquepostale.fr&utmcs=UTF-8&utmsr=1024x768&utmvp=1920x1080&utmsc=32-bit&utmul=en-us&utmje=0&utmfl=-&utmdt=Banque%20-%20banque%20en%20ligne%20-%20La%20Banque%20Postale%20%E2%80%93%20La%20Banque%20Postale&utmhid=906952689&utmr=-&utmp=%2Fportail.entreprises.html&utmht=1485372182846&utmac=UA-9562247-1&utmcc=__utma%3D103110173.604943071.1485372181.1485372181.1485372181.1%3B%2B__utmz%3D103110173.1485372181.1.1.utmcsr%3D(direct)%7Cutmccn%3D(direct)%7Cutmcmd%3D(none)%3B&utmjid=&utmu=qAAAAAAAAAAAAAAAAAAAAAAE~,utmcs,UTF-8
https://www.labanquepostale.fr/portail.entreprises.html,GA,https://ssl.google-analytics.com/__utm.gif?utmwv=5.6.7&utms=2&utmn=482738987&utmhn=www.labanquepostale.fr&utmcs=UTF-8&utmsr=1024x768&utmvp=1920x1080&utmsc=32-bit&utmul=en-us&utmje=0&utmfl=-&utmdt=Banque%20-%20banque%20en%20ligne%20-%20La%20Banque%20Postale%20%E2%80%93%20La%20Banque%20Postale&utmhid=906952689&utmr=-&utmp=%2Fportail.entreprises.html&utmht=1485372182846&utmac=UA-9562247-1&utmcc=__utma%3D103110173.604943071.1485372181.1485372181.1485372181.1%3B%2B__utmz%3D103110173.1485372181.1.1.utmcsr%3D(direct)%7Cutmccn%3D(direct)%7Cutmcmd%3D(none)%3B&utmjid=&utmu=qAAAAAAAAAAAAAAAAAAAAAAE~,utmsr,1024x768
https://www.labanquepostale.fr/portail.entreprises.html,GA,https://ssl.google-analytics.com/__utm.gif?utmwv=5.6.7&utms=2&utmn=482738987&utmhn=www.labanquepostale.fr&utmcs=UTF-8&utmsr=1024x768&utmvp=1920x1080&utmsc=32-bit&utmul=en-us&utmje=0&utmfl=-&utmdt=Banque%20-%20banque%20en%20ligne%20-%20La%20Banque%20Postale%20%E2%80%93%20La%20Banque%20Postale&utmhid=906952689&utmr=-&utmp=%2Fportail.entreprises.html&utmht=1485372182846&utmac=UA-9562247-1&utmcc=__utma%3D103110173.604943071.1485372181.1485372181.1485372181.1%3B%2B__utmz%3D103110173.1485372181.1.1.utmcsr%3D(direct)%7Cutmccn%3D(direct)%7Cutmcmd%3D(none)%3B&utmjid=&utmu=qAAAAAAAAAAAAAAAAAAAAAAE~,utmvp,1920x1080
https://www.labanquepostale.fr/portail.entreprises.html,GA,https://ssl.google-analytics.com/__utm.gif?utmwv=5.6.7&utms=2&utmn=482738987&utmhn=www.labanquepostale.fr&utmcs=UTF-8&utmsr=1024x768&utmvp=1920x1080&utmsc=32-bit&utmul=en-us&utmje=0&utmfl=-&utmdt=Banque%20-%20banque%20en%20ligne%20-%20La%20Banque%20Postale%20%E2%80%93%20La%20Banque%20Postale&utmhid=906952689&utmr=-&utmp=%2Fportail.entreprises.html&utmht=1485372182846&utmac=UA-9562247-1&utmcc=__utma%3D103110173.604943071.1485372181.1485372181.1485372181.1%3B%2B__utmz%3D103110173.1485372181.1.1.utmcsr%3D(direct)%7Cutmccn%3D(direct)%7Cutmcmd%3D(none)%3B&utmjid=&utmu=qAAAAAAAAAAAAAAAAAAAAAAE~,utmsc,32-bit
https://www.labanquepostale.fr/portail.entreprises.html,GA,https://ssl.google-analytics.com/__utm.gif?utmwv=5.6.7&utms=2&utmn=482738987&utmhn=www.labanquepostale.fr&utmcs=UTF-8&utmsr=1024x768&utmvp=1920x1080&utmsc=32-bit&utmul=en-us&utmje=0&utmfl=-&utmdt=Banque%20-%20banque%20en%20ligne%20-%20La%20Banque%20Postale%20%E2%80%93%20La%20Banque%20Postale&utmhid=906952689&utmr=-&utmp=%2Fportail.entreprises.html&utmht=1485372182846&utmac=UA-9562247-1&utmcc=__utma%3D103110173.604943071.1485372181.1485372181.1485372181.1%3B%2B__utmz%3D103110173.1485372181.1.1.utmcsr%3D(direct)%7Cutmccn%3D(direct)%7Cutmcmd%3D(none)%3B&utmjid=&utmu=qAAAAAAAAAAAAAAAAAAAAAAE~,utmul,en-us
https://www.labanquepostale.fr/portail.entreprises.html,GA,https://ssl.google-analytics.com/__utm.gif?utmwv=5.6.7&utms=2&utmn=482738987&utmhn=www.labanquepostale.fr&utmcs=UTF-8&utmsr=1024x768&utmvp=1920x1080&utmsc=32-bit&utmul=en-us&utmje=0&utmfl=-&utmdt=Banque%20-%20banque%20en%20ligne%20-%20La%20Banque%20Postale%20%E2%80%93%20La%20Banque%20Postale&utmhid=906952689&utmr=-&utmp=%2Fportail.entreprises.html&utmht=1485372182846&utmac=UA-9562247-1&utmcc=__utma%3D103110173.604943071.1485372181.1485372181.1485372181.1%3B%2B__utmz%3D103110173.1485372181.1.1.utmcsr%3D(direct)%7Cutmccn%3D(direct)%7Cutmcmd%3D(none)%3B&utmjid=&utmu=qAAAAAAAAAAAAAAAAAAAAAAE~,utmje,0
https://www.labanquepostale.fr/portail.entreprises.html,GA,https://ssl.google-analytics.com/__utm.gif?utmwv=5.6.7&utms=2&utmn=482738987&utmhn=www.labanquepostale.fr&utmcs=UTF-8&utmsr=1024x768&utmvp=1920x1080&utmsc=32-bit&utmul=en-us&utmje=0&utmfl=-&utmdt=Banque%20-%20banque%20en%20ligne%20-%20La%20Banque%20Postale%20%E2%80%93%20La%20Banque%20Postale&utmhid=906952689&utmr=-&utmp=%2Fportail.entreprises.html&utmht=1485372182846&utmac=UA-9562247-1&utmcc=__utma%3D103110173.604943071.1485372181.1485372181.1485372181.1%3B%2B__utmz%3D103110173.1485372181.1.1.utmcsr%3D(direct)%7Cutmccn%3D(direct)%7Cutmcmd%3D(none)%3B&utmjid=&utmu=qAAAAAAAAAAAAAAAAAAAAAAE~,utmfl,-
https://www.labanquepostale.fr/portail.entreprises.html,GA,https://ssl.google-analytics.com/__utm.gif?utmwv=5.6.7&utms=2&utmn=482738987&utmhn=www.labanquepostale.fr&utmcs=UTF-8&utmsr=1024x768&utmvp=1920x1080&utmsc=32-bit&utmul=en-us&utmje=0&utmfl=-&utmdt=Banque%20-%20banque%20en%20ligne%20-%20La%20Banque%20Postale%20%E2%80%93%20La%20Banque%20Postale&utmhid=906952689&utmr=-&utmp=%2Fportail.entreprises.html&utmht=1485372182846&utmac=UA-9562247-1&utmcc=__utma%3D103110173.604943071.1485372181.1485372181.1485372181.1%3B%2B__utmz%3D103110173.1485372181.1.1.utmcsr%3D(direct)%7Cutmccn%3D(direct)%7Cutmcmd%3D(none)%3B&utmjid=&utmu=qAAAAAAAAAAAAAAAAAAAAAAE~,utmdt,Banque%20-%20banque%20en%20ligne%20-%20La%20Banque%20Postale%20%E2%80%93%20La%20Banque%20Postale
https://www.labanquepostale.fr/portail.entreprises.html,GA,https://ssl.google-analytics.com/__utm.gif?utmwv=5.6.7&utms=2&utmn=482738987&utmhn=www.labanquepostale.fr&utmcs=UTF-8&utmsr=1024x768&utmvp=1920x1080&utmsc=32-bit&utmul=en-us&utmje=0&utmfl=-&utmdt=Banque%20-%20banque%20en%20ligne%20-%20La%20Banque%20Postale%20%E2%80%93%20La%20Banque%20Postale&utmhid=906952689&utmr=-&utmp=%2Fportail.entreprises.html&utmht=1485372182846&utmac=UA-9562247-1&utmcc=__utma%3D103110173.604943071.1485372181.1485372181.1485372181.1%3B%2B__utmz%3D103110173.1485372181.1.1.utmcsr%3D(direct)%7Cutmccn%3D(direct)%7Cutmcmd%3D(none)%3B&utmjid=&utmu=qAAAAAAAAAAAAAAAAAAAAAAE~,utmhid,906952689
https://www.labanquepostale.fr/portail.entreprises.html,GA,https://ssl.google-analytics.com/__utm.gif?utmwv=5.6.7&utms=2&utmn=482738987&utmhn=www.labanquepostale.fr&utmcs=UTF-8&utmsr=1024x768&utmvp=1920x1080&utmsc=32-bit&utmul=en-us&utmje=0&utmfl=-&utmdt=Banque%20-%20banque%20en%20ligne%20-%20La%20Banque%20Postale%20%E2%80%93%20La%20Banque%20Postale&utmhid=906952689&utmr=-&utmp=%2Fportail.entreprises.html&utmht=1485372182846&utmac=UA-9562247-1&utmcc=__utma%3D103110173.604943071.1485372181.1485372181.1485372181.1%3B%2B__utmz%3D103110173.1485372181.1.1.utmcsr%3D(direct)%7Cutmccn%3D(direct)%7Cutmcmd%3D(none)%3B&utmjid=&utmu=qAAAAAAAAAAAAAAAAAAAAAAE~,utmr,-
https://www.labanquepostale.fr/portail.entreprises.html,GA,https://ssl.google-analytics.com/__utm.gif?utmwv=5.6.7&utms=2&utmn=482738987&utmhn=www.labanquepostale.fr&utmcs=UTF-8&utmsr=1024x768&utmvp=1920x1080&utmsc=32-bit&utmul=en-us&utmje=0&utmfl=-&utmdt=Banque%20-%20banque%20en%20ligne%20-%20La%20Banque%20Postale%20%E2%80%93%20La%20Banque%20Postale&utmhid=906952689&utmr=-&utmp=%2Fportail.entreprises.html&utmht=1485372182846&utmac=UA-9562247-1&utmcc=__utma%3D103110173.604943071.1485372181.1485372181.1485372181.1%3B%2B__utmz%3D103110173.1485372181.1.1.utmcsr%3D(direct)%7Cutmccn%3D(direct)%7Cutmcmd%3D(none)%3B&utmjid=&utmu=qAAAAAAAAAAAAAAAAAAAAAAE~,utmp,%2Fportail.entreprises.html
https://www.labanquepostale.fr/portail.entreprises.html,GA,https://ssl.google-analytics.com/__utm.gif?utmwv=5.6.7&utms=2&utmn=482738987&utmhn=www.labanquepostale.fr&utmcs=UTF-8&utmsr=1024x768&utmvp=1920x1080&utmsc=32-bit&utmul=en-us&utmje=0&utmfl=-&utmdt=Banque%20-%20banque%20en%20ligne%20-%20La%20Banque%20Postale%20%E2%80%93%20La%20Banque%20Postale&utmhid=906952689&utmr=-&utmp=%2Fportail.entreprises.html&utmht=1485372182846&utmac=UA-9562247-1&utmcc=__utma%3D103110173.604943071.1485372181.1485372181.1485372181.1%3B%2B__utmz%3D103110173.1485372181.1.1.utmcsr%3D(direct)%7Cutmccn%3D(direct)%7Cutmcmd%3D(none)%3B&utmjid=&utmu=qAAAAAAAAAAAAAAAAAAAAAAE~,utmht,1485372182846
https://www.labanquepostale.fr/portail.entreprises.html,GA,https://ssl.google-analytics.com/__utm.gif?utmwv=5.6.7&utms=2&utmn=482738987&utmhn=www.labanquepostale.fr&utmcs=UTF-8&utmsr=1024x768&utmvp=1920x1080&utmsc=32-bit&utmul=en-us&utmje=0&utmfl=-&utmdt=Banque%20-%20banque%20en%20ligne%20-%20La%20Banque%20Postale%20%E2%80%93%20La%20Banque%20Postale&utmhid=906952689&utmr=-&utmp=%2Fportail.entreprises.html&utmht=1485372182846&utmac=UA-9562247-1&utmcc=__utma%3D103110173.604943071.1485372181.1485372181.1485372181.1%3B%2B__utmz%3D103110173.1485372181.1.1.utmcsr%3D(direct)%7Cutmccn%3D(direct)%7Cutmcmd%3D(none)%3B&utmjid=&utmu=qAAAAAAAAAAAAAAAAAAAAAAE~,utmac,UA-9562247-1
https://www.labanquepostale.fr/portail.entreprises.html,GA,https://ssl.google-analytics.com/__utm.gif?utmwv=5.6.7&utms=2&utmn=482738987&utmhn=www.labanquepostale.fr&utmcs=UTF-8&utmsr=1024x768&utmvp=1920x1080&utmsc=32-bit&utmul=en-us&utmje=0&utmfl=-&utmdt=Banque%20-%20banque%20en%20ligne%20-%20La%20Banque%20Postale%20%E2%80%93%20La%20Banque%20Postale&utmhid=906952689&utmr=-&utmp=%2Fportail.entreprises.html&utmht=1485372182846&utmac=UA-9562247-1&utmcc=__utma%3D103110173.604943071.1485372181.1485372181.1485372181.1%3B%2B__utmz%3D103110173.1485372181.1.1.utmcsr%3D(direct)%7Cutmccn%3D(direct)%7Cutmcmd%3D(none)%3B&utmjid=&utmu=qAAAAAAAAAAAAAAAAAAAAAAE~,utmcc,__utma%3D103110173.604943071.1485372181.1485372181.1485372181.1%3B%2B__utmz%3D103110173.1485372181.1.1.utmcsr%3D(direct)%7Cutmccn%3D(direct)%7Cutmcmd%3D(none)%3B
https://www.labanquepostale.fr/portail.entreprises.html,GA,https://ssl.google-analytics.com/__utm.gif?utmwv=5.6.7&utms=2&utmn=482738987&utmhn=www.labanquepostale.fr&utmcs=UTF-8&utmsr=1024x768&utmvp=1920x1080&utmsc=32-bit&utmul=en-us&utmje=0&utmfl=-&utmdt=Banque%20-%20banque%20en%20ligne%20-%20La%20Banque%20Postale%20%E2%80%93%20La%20Banque%20Postale&utmhid=906952689&utmr=-&utmp=%2Fportail.entreprises.html&utmht=1485372182846&utmac=UA-9562247-1&utmcc=__utma%3D103110173.604943071.1485372181.1485372181.1485372181.1%3B%2B__utmz%3D103110173.1485372181.1.1.utmcsr%3D(direct)%7Cutmccn%3D(direct)%7Cutmcmd%3D(none)%3B&utmjid=&utmu=qAAAAAAAAAAAAAAAAAAAAAAE~,utmjid,
https://www.labanquepostale.fr/portail.entreprises.html,GA,https://ssl.google-analytics.com/__utm.gif?utmwv=5.6.7&utms=2&utmn=482738987&utmhn=www.labanquepostale.fr&utmcs=UTF-8&utmsr=1024x768&utmvp=1920x1080&utmsc=32-bit&utmul=en-us&utmje=0&utmfl=-&utmdt=Banque%20-%20banque%20en%20ligne%20-%20La%20Banque%20Postale%20%E2%80%93%20La%20Banque%20Postale&utmhid=906952689&utmr=-&utmp=%2Fportail.entreprises.html&utmht=1485372182846&utmac=UA-9562247-1&utmcc=__utma%3D103110173.604943071.1485372181.1485372181.1485372181.1%3B%2B__utmz%3D103110173.1485372181.1.1.utmcsr%3D(direct)%7Cutmccn%3D(direct)%7Cutmcmd%3D(none)%3B&utmjid=&utmu=qAAAAAAAAAAAAAAAAAAAAAAE~,utmu,qAAAAAAAAAAAAAAAAAAAAAAE~
https://www.labanquepostale.fr/portail.entreprises.html,1000mercis,https://mmtro.com/p?tagid=6545227-27ab63cf40b61ceb2e41f503aeaf4393&vck=1&r1=300c6bec-3df4-49af-baf2-2a7fbd8b6973&vruid=300c6bec-3df4-49af-baf2-2a7fbd8b6973&rtgxiti_xtpage=particuliers%3A%3Aaccueil_ENTREPRISES&u=https%3A%2F%2Fwww.labanquepostale.fr%2Fportail.entreprises.html&rnd=1317281373,tagid,6545227-27ab63cf40b61ceb2e41f503aeaf4393
https://www.labanquepostale.fr/portail.entreprises.html,1000mercis,https://mmtro.com/p?tagid=6545227-27ab63cf40b61ceb2e41f503aeaf4393&vck=1&r1=300c6bec-3df4-49af-baf2-2a7fbd8b6973&vruid=300c6bec-3df4-49af-baf2-2a7fbd8b6973&rtgxiti_xtpage=particuliers%3A%3Aaccueil_ENTREPRISES&u=https%3A%2F%2Fwww.labanquepostale.fr%2Fportail.entreprises.html&rnd=1317281373,vck,1
https://www.labanquepostale.fr/portail.entreprises.html,1000mercis,https://mmtro.com/p?tagid=6545227-27ab63cf40b61ceb2e41f503aeaf4393&vck=1&r1=300c6bec-3df4-49af-baf2-2a7fbd8b6973&vruid=300c6bec-3df4-49af-baf2-2a7fbd8b6973&rtgxiti_xtpage=particuliers%3A%3Aaccueil_ENTREPRISES&u=https%3A%2F%2Fwww.labanquepostale.fr%2Fportail.entreprises.html&rnd=1317281373,r1,300c6bec-3df4-49af-baf2-2a7fbd8b6973
https://www.labanquepostale.fr/portail.entreprises.html,1000mercis,https://mmtro.com/p?tagid=6545227-27ab63cf40b61ceb2e41f503aeaf4393&vck=1&r1=300c6bec-3df4-49af-baf2-2a7fbd8b6973&vruid=300c6bec-3df4-49af-baf2-2a7fbd8b6973&rtgxiti_xtpage=particuliers%3A%3Aaccueil_ENTREPRISES&u=https%3A%2F%2Fwww.labanquepostale.fr%2Fportail.entreprises.html&rnd=1317281373,vruid,300c6bec-3df4-49af-baf2-2a7fbd8b6973
https://www.labanquepostale.fr/portail.entreprises.html,1000mercis,https://mmtro.com/p?tagid=6545227-27ab63cf40b61ceb2e41f503aeaf4393&vck=1&r1=300c6bec-3df4-49af-baf2-2a7fbd8b6973&vruid=300c6bec-3df4-49af-baf2-2a7fbd8b6973&rtgxiti_xtpage=particuliers%3A%3Aaccueil_ENTREPRISES&u=https%3A%2F%2Fwww.labanquepostale.fr%2Fportail.entreprises.html&rnd=1317281373,rtgxiti_xtpage,particuliers%3A%3Aaccueil_ENTREPRISES
https://www.labanquepostale.fr/portail.entreprises.html,1000mercis,https://mmtro.com/p?tagid=6545227-27ab63cf40b61ceb2e41f503aeaf4393&vck=1&r1=300c6bec-3df4-49af-baf2-2a7fbd8b6973&vruid=300c6bec-3df4-49af-baf2-2a7fbd8b6973&rtgxiti_xtpage=particuliers%3A%3Aaccueil_ENTREPRISES&u=https%3A%2F%2Fwww.labanquepostale.fr%2Fportail.entreprises.html&rnd=1317281373,u,https%3A%2F%2Fwww.labanquepostale.fr%2Fportail.entreprises.html
https://www.labanquepostale.fr/portail.entreprises.html,1000mercis,https://mmtro.com/p?tagid=6545227-27ab63cf40b61ceb2e41f503aeaf4393&vck=1&r1=300c6bec-3df4-49af-baf2-2a7fbd8b6973&vruid=300c6bec-3df4-49af-baf2-2a7fbd8b6973&rtgxiti_xtpage=particuliers%3A%3Aaccueil_ENTREPRISES&u=https%3A%2F%2Fwww.labanquepostale.fr%2Fportail.entreprises.html&rnd=1317281373,rnd,1317281373
https://www.labanquepostale.fr/portail.professionnels.html,Xiti,https://logs.xiti.com/hit.xiti?s=388889&idclient=170025202300225183&s2=1&p=particuliers::accueil_PROFESSIONNELS&hl=20x23x4&ac=&an=&lng=en-US&idp=2023041234119&jv=0&re=1920x1080&vtag=44007&hl=20x23x4&r=1024x768x32x32&ref=,s,388889
https://www.labanquepostale.fr/portail.professionnels.html,Xiti,https://logs.xiti.com/hit.xiti?s=388889&idclient=170025202300225183&s2=1&p=particuliers::accueil_PROFESSIONNELS&hl=20x23x4&ac=&an=&lng=en-US&idp=2023041234119&jv=0&re=1920x1080&vtag=44007&hl=20x23x4&r=1024x768x32x32&ref=,idclient,170025202300225183
https://www.labanquepostale.fr/portail.professionnels.html,Xiti,https://logs.xiti.com/hit.xiti?s=388889&idclient=170025202300225183&s2=1&p=particuliers::accueil_PROFESSIONNELS&hl=20x23x4&ac=&an=&lng=en-US&idp=2023041234119&jv=0&re=1920x1080&vtag=44007&hl=20x23x4&r=1024x768x32x32&ref=,s2,1
https://www.labanquepostale.fr/portail.professionnels.html,Xiti,https://logs.xiti.com/hit.xiti?s=388889&idclient=170025202300225183&s2=1&p=particuliers::accueil_PROFESSIONNELS&hl=20x23x4&ac=&an=&lng=en-US&idp=2023041234119&jv=0&re=1920x1080&vtag=44007&hl=20x23x4&r=1024x768x32x32&ref=,p,particuliers::accueil_PROFESSIONNELS
https://www.labanquepostale.fr/portail.professionnels.html,Xiti,https://logs.xiti.com/hit.xiti?s=388889&idclient=170025202300225183&s2=1&p=particuliers::accueil_PROFESSIONNELS&hl=20x23x4&ac=&an=&lng=en-US&idp=2023041234119&jv=0&re=1920x1080&vtag=44007&hl=20x23x4&r=1024x768x32x32&ref=,hl,20x23x4
https://www.labanquepostale.fr/portail.professionnels.html,Xiti,https://logs.xiti.com/hit.xiti?s=388889&idclient=170025202300225183&s2=1&p=particuliers::accueil_PROFESSIONNELS&hl=20x23x4&ac=&an=&lng=en-US&idp=2023041234119&jv=0&re=1920x1080&vtag=44007&hl=20x23x4&r=1024x768x32x32&ref=,ac,
https://www.labanquepostale.fr/portail.professionnels.html,Xiti,https://logs.xiti.com/hit.xiti?s=388889&idclient=170025202300225183&s2=1&p=particuliers::accueil_PROFESSIONNELS&hl=20x23x4&ac=&an=&lng=en-US&idp=2023041234119&jv=0&re=1920x1080&vtag=44007&hl=20x23x4&r=1024x768x32x32&ref=,an,
https://www.labanquepostale.fr/portail.professionnels.html,Xiti,https://logs.xiti.com/hit.xiti?s=388889&idclient=170025202300225183&s2=1&p=particuliers::accueil_PROFESSIONNELS&hl=20x23x4&ac=&an=&lng=en-US&idp=2023041234119&jv=0&re=1920x1080&vtag=44007&hl=20x23x4&r=1024x768x32x32&ref=,lng,en-US
https://www.labanquepostale.fr/portail.professionnels.html,Xiti,https://logs.xiti.com/hit.xiti?s=388889&idclient=170025202300225183&s2=1&p=particuliers::accueil_PROFESSIONNELS&hl=20x23x4&ac=&an=&lng=en-US&idp=2023041234119&jv=0&re=1920x1080&vtag=44007&hl=20x23x4&r=1024x768x32x32&ref=,idp,2023041234119
https://www.labanquepostale.fr/portail.professionnels.html,Xiti,https://logs.xiti.com/hit.xiti?s=388889&idclient=170025202300225183&s2=1&p=particuliers::accueil_PROFESSIONNELS&hl=20x23x4&ac=&an=&lng=en-US&idp=2023041234119&jv=0&re=1920x1080&vtag=44007&hl=20x23x4&r=1024x768x32x32&ref=,jv,0
https://www.labanquepostale.fr/portail.professionnels.html,Xiti,https://logs.xiti.com/hit.xiti?s=388889&idclient=170025202300225183&s2=1&p=particuliers::accueil_PROFESSIONNELS&hl=20x23x4&ac=&an=&lng=en-US&idp=2023041234119&jv=0&re=1920x1080&vtag=44007&hl=20x23x4&r=1024x768x32x32&ref=,re,1920x1080
https://www.labanquepostale.fr/portail.professionnels.html,Xiti,https://logs.xiti.com/hit.xiti?s=388889&idclient=170025202300225183&s2=1&p=particuliers::accueil_PROFESSIONNELS&hl=20x23x4&ac=&an=&lng=en-US&idp=2023041234119&jv=0&re=1920x1080&vtag=44007&hl=20x23x4&r=1024x768x32x32&ref=,vtag,44007
https://www.labanquepostale.fr/portail.professionnels.html,Xiti,https://logs.xiti.com/hit.xiti?s=388889&idclient=170025202300225183&s2=1&p=particuliers::accueil_PROFESSIONNELS&hl=20x23x4&ac=&an=&lng=en-US&idp=2023041234119&jv=0&re=1920x1080&vtag=44007&hl=20x23x4&r=1024x768x32x32&ref=,r,1024x768x32x32
https://www.labanquepostale.fr/portail.professionnels.html,Xiti,https://logs.xiti.com/hit.xiti?s=388889&idclient=170025202300225183&s2=1&p=particuliers::accueil_PROFESSIONNELS&hl=20x23x4&ac=&an=&lng=en-US&idp=2023041234119&jv=0&re=1920x1080&vtag=44007&hl=20x23x4&r=1024x768x32x32&ref=,ref,
https://www.labanquepostale.fr/portail.professionnels.html,GA,https://ssl.google-analytics.com/__utm.gif?utmwv=5.6.7&utms=3&utmn=382867311&utmhn=www.labanquepostale.fr&utmcs=UTF-8&utmsr=1024x768&utmvp=1920x1080&utmsc=32-bit&utmul=en-us&utmje=0&utmfl=-&utmdt=Banque%20-%20banque%20en%20ligne%20-%20La%20Banque%20Postale%20%E2%80%93%20La%20Banque%20Postale&utmhid=1463063760&utmr=-&utmp=%2Fportail.professionnels.html&utmht=1485372184979&utmac=UA-9562247-1&utmcc=__utma%3D103110173.604943071.1485372181.1485372181.1485372181.1%3B%2B__utmz%3D103110173.1485372181.1.1.utmcsr%3D(direct)%7Cutmccn%3D(direct)%7Cutmcmd%3D(none)%3B&utmjid=&utmu=qAAAAAAAAAAAAAAAAAAAAAAE~,utmwv,5.6.7
https://www.labanquepostale.fr/portail.professionnels.html,GA,https://ssl.google-analytics.com/__utm.gif?utmwv=5.6.7&utms=3&utmn=382867311&utmhn=www.labanquepostale.fr&utmcs=UTF-8&utmsr=1024x768&utmvp=1920x1080&utmsc=32-bit&utmul=en-us&utmje=0&utmfl=-&utmdt=Banque%20-%20banque%20en%20ligne%20-%20La%20Banque%20Postale%20%E2%80%93%20La%20Banque%20Postale&utmhid=1463063760&utmr=-&utmp=%2Fportail.professionnels.html&utmht=1485372184979&utmac=UA-9562247-1&utmcc=__utma%3D103110173.604943071.1485372181.1485372181.1485372181.1%3B%2B__utmz%3D103110173.1485372181.1.1.utmcsr%3D(direct)%7Cutmccn%3D(direct)%7Cutmcmd%3D(none)%3B&utmjid=&utmu=qAAAAAAAAAAAAAAAAAAAAAAE~,utms,3
https://www.labanquepostale.fr/portail.professionnels.html,GA,https://ssl.google-analytics.com/__utm.gif?utmwv=5.6.7&utms=3&utmn=382867311&utmhn=www.labanquepostale.fr&utmcs=UTF-8&utmsr=1024x768&utmvp=1920x1080&utmsc=32-bit&utmul=en-us&utmje=0&utmfl=-&utmdt=Banque%20-%20banque%20en%20ligne%20-%20La%20Banque%20Postale%20%E2%80%93%20La%20Banque%20Postale&utmhid=1463063760&utmr=-&utmp=%2Fportail.professionnels.html&utmht=1485372184979&utmac=UA-9562247-1&utmcc=__utma%3D103110173.604943071.1485372181.1485372181.1485372181.1%3B%2B__utmz%3D103110173.1485372181.1.1.utmcsr%3D(direct)%7Cutmccn%3D(direct)%7Cutmcmd%3D(none)%3B&utmjid=&utmu=qAAAAAAAAAAAAAAAAAAAAAAE~,utmn,382867311
https://www.labanquepostale.fr/portail.professionnels.html,GA,https://ssl.google-analytics.com/__utm.gif?utmwv=5.6.7&utms=3&utmn=382867311&utmhn=www.labanquepostale.fr&utmcs=UTF-8&utmsr=1024x768&utmvp=1920x1080&utmsc=32-bit&utmul=en-us&utmje=0&utmfl=-&utmdt=Banque%20-%20banque%20en%20ligne%20-%20La%20Banque%20Postale%20%E2%80%93%20La%20Banque%20Postale&utmhid=1463063760&utmr=-&utmp=%2Fportail.professionnels.html&utmht=1485372184979&utmac=UA-9562247-1&utmcc=__utma%3D103110173.604943071.1485372181.1485372181.1485372181.1%3B%2B__utmz%3D103110173.1485372181.1.1.utmcsr%3D(direct)%7Cutmccn%3D(direct)%7Cutmcmd%3D(none)%3B&utmjid=&utmu=qAAAAAAAAAAAAAAAAAAAAAAE~,utmhn,www.labanquepostale.fr
https://www.labanquepostale.fr/portail.professionnels.html,GA,https://ssl.google-analytics.com/__utm.gif?utmwv=5.6.7&utms=3&utmn=382867311&utmhn=www.labanquepostale.fr&utmcs=UTF-8&utmsr=1024x768&utmvp=1920x1080&utmsc=32-bit&utmul=en-us&utmje=0&utmfl=-&utmdt=Banque%20-%20banque%20en%20ligne%20-%20La%20Banque%20Postale%20%E2%80%93%20La%20Banque%20Postale&utmhid=1463063760&utmr=-&utmp=%2Fportail.professionnels.html&utmht=1485372184979&utmac=UA-9562247-1&utmcc=__utma%3D103110173.604943071.1485372181.1485372181.1485372181.1%3B%2B__utmz%3D103110173.1485372181.1.1.utmcsr%3D(direct)%7Cutmccn%3D(direct)%7Cutmcmd%3D(none)%3B&utmjid=&utmu=qAAAAAAAAAAAAAAAAAAAAAAE~,utmcs,UTF-8
https://www.labanquepostale.fr/portail.professionnels.html,GA,https://ssl.google-analytics.com/__utm.gif?utmwv=5.6.7&utms=3&utmn=382867311&utmhn=www.labanquepostale.fr&utmcs=UTF-8&utmsr=1024x768&utmvp=1920x1080&utmsc=32-bit&utmul=en-us&utmje=0&utmfl=-&utmdt=Banque%20-%20banque%20en%20ligne%20-%20La%20Banque%20Postale%20%E2%80%93%20La%20Banque%20Postale&utmhid=1463063760&utmr=-&utmp=%2Fportail.professionnels.html&utmht=1485372184979&utmac=UA-9562247-1&utmcc=__utma%3D103110173.604943071.1485372181.1485372181.1485372181.1%3B%2B__utmz%3D103110173.1485372181.1.1.utmcsr%3D(direct)%7Cutmccn%3D(direct)%7Cutmcmd%3D(none)%3B&utmjid=&utmu=qAAAAAAAAAAAAAAAAAAAAAAE~,utmsr,1024x768
https://www.labanquepostale.fr/portail.professionnels.html,GA,https://ssl.google-analytics.com/__utm.gif?utmwv=5.6.7&utms=3&utmn=382867311&utmhn=www.labanquepostale.fr&utmcs=UTF-8&utmsr=1024x768&utmvp=1920x1080&utmsc=32-bit&utmul=en-us&utmje=0&utmfl=-&utmdt=Banque%20-%20banque%20en%20ligne%20-%20La%20Banque%20Postale%20%E2%80%93%20La%20Banque%20Postale&utmhid=1463063760&utmr=-&utmp=%2Fportail.professionnels.html&utmht=1485372184979&utmac=UA-9562247-1&utmcc=__utma%3D103110173.604943071.1485372181.1485372181.1485372181.1%3B%2B__utmz%3D103110173.1485372181.1.1.utmcsr%3D(direct)%7Cutmccn%3D(direct)%7Cutmcmd%3D(none)%3B&utmjid=&utmu=qAAAAAAAAAAAAAAAAAAAAAAE~,utmvp,1920x1080
https://www.labanquepostale.fr/portail.professionnels.html,GA,https://ssl.google-analytics.com/__utm.gif?utmwv=5.6.7&utms=3&utmn=382867311&utmhn=www.labanquepostale.fr&utmcs=UTF-8&utmsr=1024x768&utmvp=1920x1080&utmsc=32-bit&utmul=en-us&utmje=0&utmfl=-&utmdt=Banque%20-%20banque%20en%20ligne%20-%20La%20Banque%20Postale%20%E2%80%93%20La%20Banque%20Postale&utmhid=1463063760&utmr=-&utmp=%2Fportail.professionnels.html&utmht=1485372184979&utmac=UA-9562247-1&utmcc=__utma%3D103110173.604943071.1485372181.1485372181.1485372181.1%3B%2B__utmz%3D103110173.1485372181.1.1.utmcsr%3D(direct)%7Cutmccn%3D(direct)%7Cutmcmd%3D(none)%3B&utmjid=&utmu=qAAAAAAAAAAAAAAAAAAAAAAE~,utmsc,32-bit
https://www.labanquepostale.fr/portail.professionnels.html,GA,https://ssl.google-analytics.com/__utm.gif?utmwv=5.6.7&utms=3&utmn=382867311&utmhn=www.labanquepostale.fr&utmcs=UTF-8&utmsr=1024x768&utmvp=1920x1080&utmsc=32-bit&utmul=en-us&utmje=0&utmfl=-&utmdt=Banque%20-%20banque%20en%20ligne%20-%20La%20Banque%20Postale%20%E2%80%93%20La%20Banque%20Postale&utmhid=1463063760&utmr=-&utmp=%2Fportail.professionnels.html&utmht=1485372184979&utmac=UA-9562247-1&utmcc=__utma%3D103110173.604943071.1485372181.1485372181.1485372181.1%3B%2B__utmz%3D103110173.1485372181.1.1.utmcsr%3D(direct)%7Cutmccn%3D(direct)%7Cutmcmd%3D(none)%3B&utmjid=&utmu=qAAAAAAAAAAAAAAAAAAAAAAE~,utmul,en-us
https://www.labanquepostale.fr/portail.professionnels.html,GA,https://ssl.google-analytics.com/__utm.gif?utmwv=5.6.7&utms=3&utmn=382867311&utmhn=www.labanquepostale.fr&utmcs=UTF-8&utmsr=1024x768&utmvp=1920x1080&utmsc=32-bit&utmul=en-us&utmje=0&utmfl=-&utmdt=Banque%20-%20banque%20en%20ligne%20-%20La%20Banque%20Postale%20%E2%80%93%20La%20Banque%20Postale&utmhid=1463063760&utmr=-&utmp=%2Fportail.professionnels.html&utmht=1485372184979&utmac=UA-9562247-1&utmcc=__utma%3D103110173.604943071.1485372181.1485372181.1485372181.1%3B%2B__utmz%3D103110173.1485372181.1.1.utmcsr%3D(direct)%7Cutmccn%3D(direct)%7Cutmcmd%3D(none)%3B&utmjid=&utmu=qAAAAAAAAAAAAAAAAAAAAAAE~,utmje,0
https://www.labanquepostale.fr/portail.professionnels.html,GA,https://ssl.google-analytics.com/__utm.gif?utmwv=5.6.7&utms=3&utmn=382867311&utmhn=www.labanquepostale.fr&utmcs=UTF-8&utmsr=1024x768&utmvp=1920x1080&utmsc=32-bit&utmul=en-us&utmje=0&utmfl=-&utmdt=Banque%20-%20banque%20en%20ligne%20-%20La%20Banque%20Postale%20%E2%80%93%20La%20Banque%20Postale&utmhid=1463063760&utmr=-&utmp=%2Fportail.professionnels.html&utmht=1485372184979&utmac=UA-9562247-1&utmcc=__utma%3D103110173.604943071.1485372181.1485372181.1485372181.1%3B%2B__utmz%3D103110173.1485372181.1.1.utmcsr%3D(direct)%7Cutmccn%3D(direct)%7Cutmcmd%3D(none)%3B&utmjid=&utmu=qAAAAAAAAAAAAAAAAAAAAAAE~,utmfl,-
https://www.labanquepostale.fr/portail.professionnels.html,GA,https://ssl.google-analytics.com/__utm.gif?utmwv=5.6.7&utms=3&utmn=382867311&utmhn=www.labanquepostale.fr&utmcs=UTF-8&utmsr=1024x768&utmvp=1920x1080&utmsc=32-bit&utmul=en-us&utmje=0&utmfl=-&utmdt=Banque%20-%20banque%20en%20ligne%20-%20La%20Banque%20Postale%20%E2%80%93%20La%20Banque%20Postale&utmhid=1463063760&utmr=-&utmp=%2Fportail.professionnels.html&utmht=1485372184979&utmac=UA-9562247-1&utmcc=__utma%3D103110173.604943071.1485372181.1485372181.1485372181.1%3B%2B__utmz%3D103110173.1485372181.1.1.utmcsr%3D(direct)%7Cutmccn%3D(direct)%7Cutmcmd%3D(none)%3B&utmjid=&utmu=qAAAAAAAAAAAAAAAAAAAAAAE~,utmdt,Banque%20-%20banque%20en%20ligne%20-%20La%20Banque%20Postale%20%E2%80%93%20La%20Banque%20Postale
https://www.labanquepostale.fr/portail.professionnels.html,GA,https://ssl.google-analytics.com/__utm.gif?utmwv=5.6.7&utms=3&utmn=382867311&utmhn=www.labanquepostale.fr&utmcs=UTF-8&utmsr=1024x768&utmvp=1920x1080&utmsc=32-bit&utmul=en-us&utmje=0&utmfl=-&utmdt=Banque%20-%20banque%20en%20ligne%20-%20La%20Banque%20Postale%20%E2%80%93%20La%20Banque%20Postale&utmhid=1463063760&utmr=-&utmp=%2Fportail.professionnels.html&utmht=1485372184979&utmac=UA-9562247-1&utmcc=__utma%3D103110173.604943071.1485372181.1485372181.1485372181.1%3B%2B__utmz%3D103110173.1485372181.1.1.utmcsr%3D(direct)%7Cutmccn%3D(direct)%7Cutmcmd%3D(none)%3B&utmjid=&utmu=qAAAAAAAAAAAAAAAAAAAAAAE~,utmhid,1463063760
https://www.labanquepostale.fr/portail.professionnels.html,GA,https://ssl.google-analytics.com/__utm.gif?utmwv=5.6.7&utms=3&utmn=382867311&utmhn=www.labanquepostale.fr&utmcs=UTF-8&utmsr=1024x768&utmvp=1920x1080&utmsc=32-bit&utmul=en-us&utmje=0&utmfl=-&utmdt=Banque%20-%20banque%20en%20ligne%20-%20La%20Banque%20Postale%20%E2%80%93%20La%20Banque%20Postale&utmhid=1463063760&utmr=-&utmp=%2Fportail.professionnels.html&utmht=1485372184979&utmac=UA-9562247-1&utmcc=__utma%3D103110173.604943071.1485372181.1485372181.1485372181.1%3B%2B__utmz%3D103110173.1485372181.1.1.utmcsr%3D(direct)%7Cutmccn%3D(direct)%7Cutmcmd%3D(none)%3B&utmjid=&utmu=qAAAAAAAAAAAAAAAAAAAAAAE~,utmr,-
https://www.labanquepostale.fr/portail.professionnels.html,GA,https://ssl.google-analytics.com/__utm.gif?utmwv=5.6.7&utms=3&utmn=382867311&utmhn=www.labanquepostale.fr&utmcs=UTF-8&utmsr=1024x768&utmvp=1920x1080&utmsc=32-bit&utmul=en-us&utmje=0&utmfl=-&utmdt=Banque%20-%20banque%20en%20ligne%20-%20La%20Banque%20Postale%20%E2%80%93%20La%20Banque%20Postale&utmhid=1463063760&utmr=-&utmp=%2Fportail.professionnels.html&utmht=1485372184979&utmac=UA-9562247-1&utmcc=__utma%3D103110173.604943071.1485372181.1485372181.1485372181.1%3B%2B__utmz%3D103110173.1485372181.1.1.utmcsr%3D(direct)%7Cutmccn%3D(direct)%7Cutmcmd%3D(none)%3B&utmjid=&utmu=qAAAAAAAAAAAAAAAAAAAAAAE~,utmp,%2Fportail.professionnels.html
https://www.labanquepostale.fr/portail.professionnels.html,GA,https://ssl.google-analytics.com/__utm.gif?utmwv=5.6.7&utms=3&utmn=382867311&utmhn=www.labanquepostale.fr&utmcs=UTF-8&utmsr=1024x768&utmvp=1920x1080&utmsc=32-bit&utmul=en-us&utmje=0&utmfl=-&utmdt=Banque%20-%20banque%20en%20ligne%20-%20La%20Banque%20Postale%20%E2%80%93%20La%20Banque%20Postale&utmhid=1463063760&utmr=-&utmp=%2Fportail.professionnels.html&utmht=1485372184979&utmac=UA-9562247-1&utmcc=__utma%3D103110173.604943071.1485372181.1485372181.1485372181.1%3B%2B__utmz%3D103110173.1485372181.1.1.utmcsr%3D(direct)%7Cutmccn%3D(direct)%7Cutmcmd%3D(none)%3B&utmjid=&utmu=qAAAAAAAAAAAAAAAAAAAAAAE~,utmht,1485372184979
https://www.labanquepostale.fr/portail.professionnels.html,GA,https://ssl.google-analytics.com/__utm.gif?utmwv=5.6.7&utms=3&utmn=382867311&utmhn=www.labanquepostale.fr&utmcs=UTF-8&utmsr=1024x768&utmvp=1920x1080&utmsc=32-bit&utmul=en-us&utmje=0&utmfl=-&utmdt=Banque%20-%20banque%20en%20ligne%20-%20La%20Banque%20Postale%20%E2%80%93%20La%20Banque%20Postale&utmhid=1463063760&utmr=-&utmp=%2Fportail.professionnels.html&utmht=1485372184979&utmac=UA-9562247-1&utmcc=__utma%3D103110173.604943071.1485372181.1485372181.1485372181.1%3B%2B__utmz%3D103110173.1485372181.1.1.utmcsr%3D(direct)%7Cutmccn%3D(direct)%7Cutmcmd%3D(none)%3B&utmjid=&utmu=qAAAAAAAAAAAAAAAAAAAAAAE~,utmac,UA-9562247-1
https://www.labanquepostale.fr/portail.professionnels.html,GA,https://ssl.google-analytics.com/__utm.gif?utmwv=5.6.7&utms=3&utmn=382867311&utmhn=www.labanquepostale.fr&utmcs=UTF-8&utmsr=1024x768&utmvp=1920x1080&utmsc=32-bit&utmul=en-us&utmje=0&utmfl=-&utmdt=Banque%20-%20banque%20en%20ligne%20-%20La%20Banque%20Postale%20%E2%80%93%20La%20Banque%20Postale&utmhid=1463063760&utmr=-&utmp=%2Fportail.professionnels.html&utmht=1485372184979&utmac=UA-9562247-1&utmcc=__utma%3D103110173.604943071.1485372181.1485372181.1485372181.1%3B%2B__utmz%3D103110173.1485372181.1.1.utmcsr%3D(direct)%7Cutmccn%3D(direct)%7Cutmcmd%3D(none)%3B&utmjid=&utmu=qAAAAAAAAAAAAAAAAAAAAAAE~,utmcc,__utma%3D103110173.604943071.1485372181.1485372181.1485372181.1%3B%2B__utmz%3D103110173.1485372181.1.1.utmcsr%3D(direct)%7Cutmccn%3D(direct)%7Cutmcmd%3D(none)%3B
https://www.labanquepostale.fr/portail.professionnels.html,GA,https://ssl.google-analytics.com/__utm.gif?utmwv=5.6.7&utms=3&utmn=382867311&utmhn=www.labanquepostale.fr&utmcs=UTF-8&utmsr=1024x768&utmvp=1920x1080&utmsc=32-bit&utmul=en-us&utmje=0&utmfl=-&utmdt=Banque%20-%20banque%20en%20ligne%20-%20La%20Banque%20Postale%20%E2%80%93%20La%20Banque%20Postale&utmhid=1463063760&utmr=-&utmp=%2Fportail.professionnels.html&utmht=1485372184979&utmac=UA-9562247-1&utmcc=__utma%3D103110173.604943071.1485372181.1485372181.1485372181.1%3B%2B__utmz%3D103110173.1485372181.1.1.utmcsr%3D(direct)%7Cutmccn%3D(direct)%7Cutmcmd%3D(none)%3B&utmjid=&utmu=qAAAAAAAAAAAAAAAAAAAAAAE~,utmjid,
https://www.labanquepostale.fr/portail.professionnels.html,GA,https://ssl.google-analytics.com/__utm.gif?utmwv=5.6.7&utms=3&utmn=382867311&utmhn=www.labanquepostale.fr&utmcs=UTF-8&utmsr=1024x768&utmvp=1920x1080&utmsc=32-bit&utmul=en-us&utmje=0&utmfl=-&utmdt=Banque%20-%20banque%20en%20ligne%20-%20La%20Banque%20Postale%20%E2%80%93%20La%20Banque%20Postale&utmhid=1463063760&utmr=-&utmp=%2Fportail.professionnels.html&utmht=1485372184979&utmac=UA-9562247-1&utmcc=__utma%3D103110173.604943071.1485372181.1485372181.1485372181.1%3B%2B__utmz%3D103110173.1485372181.1.1.utmcsr%3D(direct)%7Cutmccn%3D(direct)%7Cutmcmd%3D(none)%3B&utmjid=&utmu=qAAAAAAAAAAAAAAAAAAAAAAE~,utmu,qAAAAAAAAAAAAAAAAAAAAAAE~
https://www.labanquepostale.fr/portail.professionnels.html,1000mercis,https://mmtro.com/p?tagid=6545227-27ab63cf40b61ceb2e41f503aeaf4393&vck=1&r1=300c6bec-3df4-49af-baf2-2a7fbd8b6973&vruid=300c6bec-3df4-49af-baf2-2a7fbd8b6973&rtgxiti_xtpage=particuliers%3A%3Aaccueil_PROFESSIONNELS&u=https%3A%2F%2Fwww.labanquepostale.fr%2Fportail.professionnels.html&rnd=1685525840,tagid,6545227-27ab63cf40b61ceb2e41f503aeaf4393
https://www.labanquepostale.fr/portail.professionnels.html,1000mercis,https://mmtro.com/p?tagid=6545227-27ab63cf40b61ceb2e41f503aeaf4393&vck=1&r1=300c6bec-3df4-49af-baf2-2a7fbd8b6973&vruid=300c6bec-3df4-49af-baf2-2a7fbd8b6973&rtgxiti_xtpage=particuliers%3A%3Aaccueil_PROFESSIONNELS&u=https%3A%2F%2Fwww.labanquepostale.fr%2Fportail.professionnels.html&rnd=1685525840,vck,1
https://www.labanquepostale.fr/portail.professionnels.html,1000mercis,https://mmtro.com/p?tagid=6545227-27ab63cf40b61ceb2e41f503aeaf4393&vck=1&r1=300c6bec-3df4-49af-baf2-2a7fbd8b6973&vruid=300c6bec-3df4-49af-baf2-2a7fbd8b6973&rtgxiti_xtpage=particuliers%3A%3Aaccueil_PROFESSIONNELS&u=https%3A%2F%2Fwww.labanquepostale.fr%2Fportail.professionnels.html&rnd=1685525840,r1,300c6bec-3df4-49af-baf2-2a7fbd8b6973
https://www.labanquepostale.fr/portail.professionnels.html,1000mercis,https://mmtro.com/p?tagid=6545227-27ab63cf40b61ceb2e41f503aeaf4393&vck=1&r1=300c6bec-3df4-49af-baf2-2a7fbd8b6973&vruid=300c6bec-3df4-49af-baf2-2a7fbd8b6973&rtgxiti_xtpage=particuliers%3A%3Aaccueil_PROFESSIONNELS&u=https%3A%2F%2Fwww.labanquepostale.fr%2Fportail.professionnels.html&rnd=1685525840,vruid,300c6bec-3df4-49af-baf2-2a7fbd8b6973
https://www.labanquepostale.fr/portail.professionnels.html,1000mercis,https://mmtro.com/p?tagid=6545227-27ab63cf40b61ceb2e41f503aeaf4393&vck=1&r1=300c6bec-3df4-49af-baf2-2a7fbd8b6973&vruid=300c6bec-3df4-49af-baf2-2a7fbd8b6973&rtgxiti_xtpage=particuliers%3A%3Aaccueil_PROFESSIONNELS&u=https%3A%2F%2Fwww.labanquepostale.fr%2Fportail.professionnels.html&rnd=1685525840,rtgxiti_xtpage,particuliers%3A%3Aaccueil_PROFESSIONNELS
https://www.labanquepostale.fr/portail.professionnels.html,1000mercis,https://mmtro.com/p?tagid=6545227-27ab63cf40b61ceb2e41f503aeaf4393&vck=1&r1=300c6bec-3df4-49af-baf2-2a7fbd8b6973&vruid=300c6bec-3df4-49af-baf2-2a7fbd8b6973&rtgxiti_xtpage=particuliers%3A%3Aaccueil_PROFESSIONNELS&u=https%3A%2F%2Fwww.labanquepostale.fr%2Fportail.professionnels.html&rnd=1685525840,u,https%3A%2F%2Fwww.labanquepostale.fr%2Fportail.professionnels.html
https://www.labanquepostale.fr/portail.professionnels.html,1000mercis,https://mmtro.com/p?tagid=6545227-27ab63cf40b61ceb2e41f503aeaf4393&vck=1&r1=300c6bec-3df4-49af-baf2-2a7fbd8b6973&vruid=300c6bec-3df4-49af-baf2-2a7fbd8b6973&rtgxiti_xtpage=particuliers%3A%3Aaccueil_PROFESSIONNELS&u=https%3A%2F%2Fwww.labanquepostale.fr%2Fportail.professionnels.html&rnd=1685525840,rnd,1685525840
https://www.labanquepostale.fr/portail.assomutuelles.html,Xiti,https://logs.xiti.com/hit.xiti?s=388889&idclient=170025202300225183&s2=1&p=particuliers::accueil_ASSOCIATIONS%20ET%20MUTUELLES&hl=20x23x6&ac=&an=&lng=en-US&idp=2023064430869&jv=0&re=1920x1080&vtag=44007&hl=20x23x6&r=1024x768x32x32&ref=,s,388889
https://www.labanquepostale.fr/portail.assomutuelles.html,Xiti,https://logs.xiti.com/hit.xiti?s=388889&idclient=170025202300225183&s2=1&p=particuliers::accueil_ASSOCIATIONS%20ET%20MUTUELLES&hl=20x23x6&ac=&an=&lng=en-US&idp=2023064430869&jv=0&re=1920x1080&vtag=44007&hl=20x23x6&r=1024x768x32x32&ref=,idclient,170025202300225183
https://www.labanquepostale.fr/portail.assomutuelles.html,Xiti,https://logs.xiti.com/hit.xiti?s=388889&idclient=170025202300225183&s2=1&p=particuliers::accueil_ASSOCIATIONS%20ET%20MUTUELLES&hl=20x23x6&ac=&an=&lng=en-US&idp=2023064430869&jv=0&re=1920x1080&vtag=44007&hl=20x23x6&r=1024x768x32x32&ref=,s2,1
https://www.labanquepostale.fr/portail.assomutuelles.html,Xiti,https://logs.xiti.com/hit.xiti?s=388889&idclient=170025202300225183&s2=1&p=particuliers::accueil_ASSOCIATIONS%20ET%20MUTUELLES&hl=20x23x6&ac=&an=&lng=en-US&idp=2023064430869&jv=0&re=1920x1080&vtag=44007&hl=20x23x6&r=1024x768x32x32&ref=,p,particuliers::accueil_ASSOCIATIONS%20ET%20MUTUELLES
https://www.labanquepostale.fr/portail.assomutuelles.html,Xiti,https://logs.xiti.com/hit.xiti?s=388889&idclient=170025202300225183&s2=1&p=particuliers::accueil_ASSOCIATIONS%20ET%20MUTUELLES&hl=20x23x6&ac=&an=&lng=en-US&idp=2023064430869&jv=0&re=1920x1080&vtag=44007&hl=20x23x6&r=1024x768x32x32&ref=,hl,20x23x6
https://www.labanquepostale.fr/portail.assomutuelles.html,Xiti,https://logs.xiti.com/hit.xiti?s=388889&idclient=170025202300225183&s2=1&p=particuliers::accueil_ASSOCIATIONS%20ET%20MUTUELLES&hl=20x23x6&ac=&an=&lng=en-US&idp=2023064430869&jv=0&re=1920x1080&vtag=44007&hl=20x23x6&r=1024x768x32x32&ref=,ac,
https://www.labanquepostale.fr/portail.assomutuelles.html,Xiti,https://logs.xiti.com/hit.xiti?s=388889&idclient=170025202300225183&s2=1&p=particuliers::accueil_ASSOCIATIONS%20ET%20MUTUELLES&hl=20x23x6&ac=&an=&lng=en-US&idp=2023064430869&jv=0&re=1920x1080&vtag=44007&hl=20x23x6&r=1024x768x32x32&ref=,an,
https://www.labanquepostale.fr/portail.assomutuelles.html,Xiti,https://logs.xiti.com/hit.xiti?s=388889&idclient=170025202300225183&s2=1&p=particuliers::accueil_ASSOCIATIONS%20ET%20MUTUELLES&hl=20x23x6&ac=&an=&lng=en-US&idp=2023064430869&jv=0&re=1920x1080&vtag=44007&hl=20x23x6&r=1024x768x32x32&ref=,lng,en-US
https://www.labanquepostale.fr/portail.assomutuelles.html,Xiti,https://logs.xiti.com/hit.xiti?s=388889&idclient=170025202300225183&s2=1&p=particuliers::accueil_ASSOCIATIONS%20ET%20MUTUELLES&hl=20x23x6&ac=&an=&lng=en-US&idp=2023064430869&jv=0&re=1920x1080&vtag=44007&hl=20x23x6&r=1024x768x32x32&ref=,idp,2023064430869
https://www.labanquepostale.fr/portail.assomutuelles.html,Xiti,https://logs.xiti.com/hit.xiti?s=388889&idclient=170025202300225183&s2=1&p=particuliers::accueil_ASSOCIATIONS%20ET%20MUTUELLES&hl=20x23x6&ac=&an=&lng=en-US&idp=2023064430869&jv=0&re=1920x1080&vtag=44007&hl=20x23x6&r=1024x768x32x32&ref=,jv,0
https://www.labanquepostale.fr/portail.assomutuelles.html,Xiti,https://logs.xiti.com/hit.xiti?s=388889&idclient=170025202300225183&s2=1&p=particuliers::accueil_ASSOCIATIONS%20ET%20MUTUELLES&hl=20x23x6&ac=&an=&lng=en-US&idp=2023064430869&jv=0&re=1920x1080&vtag=44007&hl=20x23x6&r=1024x768x32x32&ref=,re,1920x1080
https://www.labanquepostale.fr/portail.assomutuelles.html,Xiti,https://logs.xiti.com/hit.xiti?s=388889&idclient=170025202300225183&s2=1&p=particuliers::accueil_ASSOCIATIONS%20ET%20MUTUELLES&hl=20x23x6&ac=&an=&lng=en-US&idp=2023064430869&jv=0&re=1920x1080&vtag=44007&hl=20x23x6&r=1024x768x32x32&ref=,vtag,44007
https://www.labanquepostale.fr/portail.assomutuelles.html,Xiti,https://logs.xiti.com/hit.xiti?s=388889&idclient=170025202300225183&s2=1&p=particuliers::accueil_ASSOCIATIONS%20ET%20MUTUELLES&hl=20x23x6&ac=&an=&lng=en-US&idp=2023064430869&jv=0&re=1920x1080&vtag=44007&hl=20x23x6&r=1024x768x32x32&ref=,r,1024x768x32x32
https://www.labanquepostale.fr/portail.assomutuelles.html,Xiti,https://logs.xiti.com/hit.xiti?s=388889&idclient=170025202300225183&s2=1&p=particuliers::accueil_ASSOCIATIONS%20ET%20MUTUELLES&hl=20x23x6&ac=&an=&lng=en-US&idp=2023064430869&jv=0&re=1920x1080&vtag=44007&hl=20x23x6&r=1024x768x32x32&ref=,ref,
https://www.labanquepostale.fr/portail.assomutuelles.html,GA,https://ssl.google-analytics.com/__utm.gif?utmwv=5.6.7&utms=4&utmn=1578367232&utmhn=www.labanquepostale.fr&utmcs=UTF-8&utmsr=1024x768&utmvp=1920x1080&utmsc=32-bit&utmul=en-us&utmje=0&utmfl=-&utmdt=Banque%20-%20banque%20en%20ligne%20-%20La%20Banque%20Postale%20%E2%80%93%20La%20Banque%20Postale&utmhid=1220013317&utmr=-&utmp=%2Fportail.assomutuelles.html&utmht=1485372186989&utmac=UA-9562247-1&utmcc=__utma%3D103110173.604943071.1485372181.1485372181.1485372181.1%3B%2B__utmz%3D103110173.1485372181.1.1.utmcsr%3D(direct)%7Cutmccn%3D(direct)%7Cutmcmd%3D(none)%3B&utmjid=&utmu=qAAAAAAAAAAAAAAAAAAAAAAE~,utmwv,5.6.7
https://www.labanquepostale.fr/portail.assomutuelles.html,GA,https://ssl.google-analytics.com/__utm.gif?utmwv=5.6.7&utms=4&utmn=1578367232&utmhn=www.labanquepostale.fr&utmcs=UTF-8&utmsr=1024x768&utmvp=1920x1080&utmsc=32-bit&utmul=en-us&utmje=0&utmfl=-&utmdt=Banque%20-%20banque%20en%20ligne%20-%20La%20Banque%20Postale%20%E2%80%93%20La%20Banque%20Postale&utmhid=1220013317&utmr=-&utmp=%2Fportail.assomutuelles.html&utmht=1485372186989&utmac=UA-9562247-1&utmcc=__utma%3D103110173.604943071.1485372181.1485372181.1485372181.1%3B%2B__utmz%3D103110173.1485372181.1.1.utmcsr%3D(direct)%7Cutmccn%3D(direct)%7Cutmcmd%3D(none)%3B&utmjid=&utmu=qAAAAAAAAAAAAAAAAAAAAAAE~,utms,4
https://www.labanquepostale.fr/portail.assomutuelles.html,GA,https://ssl.google-analytics.com/__utm.gif?utmwv=5.6.7&utms=4&utmn=1578367232&utmhn=www.labanquepostale.fr&utmcs=UTF-8&utmsr=1024x768&utmvp=1920x1080&utmsc=32-bit&utmul=en-us&utmje=0&utmfl=-&utmdt=Banque%20-%20banque%20en%20ligne%20-%20La%20Banque%20Postale%20%E2%80%93%20La%20Banque%20Postale&utmhid=1220013317&utmr=-&utmp=%2Fportail.assomutuelles.html&utmht=1485372186989&utmac=UA-9562247-1&utmcc=__utma%3D103110173.604943071.1485372181.1485372181.1485372181.1%3B%2B__utmz%3D103110173.1485372181.1.1.utmcsr%3D(direct)%7Cutmccn%3D(direct)%7Cutmcmd%3D(none)%3B&utmjid=&utmu=qAAAAAAAAAAAAAAAAAAAAAAE~,utmn,1578367232
https://www.labanquepostale.fr/portail.assomutuelles.html,GA,https://ssl.google-analytics.com/__utm.gif?utmwv=5.6.7&utms=4&utmn=1578367232&utmhn=www.labanquepostale.fr&utmcs=UTF-8&utmsr=1024x768&utmvp=1920x1080&utmsc=32-bit&utmul=en-us&utmje=0&utmfl=-&utmdt=Banque%20-%20banque%20en%20ligne%20-%20La%20Banque%20Postale%20%E2%80%93%20La%20Banque%20Postale&utmhid=1220013317&utmr=-&utmp=%2Fportail.assomutuelles.html&utmht=1485372186989&utmac=UA-9562247-1&utmcc=__utma%3D103110173.604943071.1485372181.1485372181.1485372181.1%3B%2B__utmz%3D103110173.1485372181.1.1.utmcsr%3D(direct)%7Cutmccn%3D(direct)%7Cutmcmd%3D(none)%3B&utmjid=&utmu=qAAAAAAAAAAAAAAAAAAAAAAE~,utmhn,www.labanquepostale.fr
https://www.labanquepostale.fr/portail.assomutuelles.html,GA,https://ssl.google-analytics.com/__utm.gif?utmwv=5.6.7&utms=4&utmn=1578367232&utmhn=www.labanquepostale.fr&utmcs=UTF-8&utmsr=1024x768&utmvp=1920x1080&utmsc=32-bit&utmul=en-us&utmje=0&utmfl=-&utmdt=Banque%20-%20banque%20en%20ligne%20-%20La%20Banque%20Postale%20%E2%80%93%20La%20Banque%20Postale&utmhid=1220013317&utmr=-&utmp=%2Fportail.assomutuelles.html&utmht=1485372186989&utmac=UA-9562247-1&utmcc=__utma%3D103110173.604943071.1485372181.1485372181.1485372181.1%3B%2B__utmz%3D103110173.1485372181.1.1.utmcsr%3D(direct)%7Cutmccn%3D(direct)%7Cutmcmd%3D(none)%3B&utmjid=&utmu=qAAAAAAAAAAAAAAAAAAAAAAE~,utmcs,UTF-8
https://www.labanquepostale.fr/portail.assomutuelles.html,GA,https://ssl.google-analytics.com/__utm.gif?utmwv=5.6.7&utms=4&utmn=1578367232&utmhn=www.labanquepostale.fr&utmcs=UTF-8&utmsr=1024x768&utmvp=1920x1080&utmsc=32-bit&utmul=en-us&utmje=0&utmfl=-&utmdt=Banque%20-%20banque%20en%20ligne%20-%20La%20Banque%20Postale%20%E2%80%93%20La%20Banque%20Postale&utmhid=1220013317&utmr=-&utmp=%2Fportail.assomutuelles.html&utmht=1485372186989&utmac=UA-9562247-1&utmcc=__utma%3D103110173.604943071.1485372181.1485372181.1485372181.1%3B%2B__utmz%3D103110173.1485372181.1.1.utmcsr%3D(direct)%7Cutmccn%3D(direct)%7Cutmcmd%3D(none)%3B&utmjid=&utmu=qAAAAAAAAAAAAAAAAAAAAAAE~,utmsr,1024x768
https://www.labanquepostale.fr/portail.assomutuelles.html,GA,https://ssl.google-analytics.com/__utm.gif?utmwv=5.6.7&utms=4&utmn=1578367232&utmhn=www.labanquepostale.fr&utmcs=UTF-8&utmsr=1024x768&utmvp=1920x1080&utmsc=32-bit&utmul=en-us&utmje=0&utmfl=-&utmdt=Banque%20-%20banque%20en%20ligne%20-%20La%20Banque%20Postale%20%E2%80%93%20La%20Banque%20Postale&utmhid=1220013317&utmr=-&utmp=%2Fportail.assomutuelles.html&utmht=1485372186989&utmac=UA-9562247-1&utmcc=__utma%3D103110173.604943071.1485372181.1485372181.1485372181.1%3B%2B__utmz%3D103110173.1485372181.1.1.utmcsr%3D(direct)%7Cutmccn%3D(direct)%7Cutmcmd%3D(none)%3B&utmjid=&utmu=qAAAAAAAAAAAAAAAAAAAAAAE~,utmvp,1920x1080
https://www.labanquepostale.fr/portail.assomutuelles.html,GA,https://ssl.google-analytics.com/__utm.gif?utmwv=5.6.7&utms=4&utmn=1578367232&utmhn=www.labanquepostale.fr&utmcs=UTF-8&utmsr=1024x768&utmvp=1920x1080&utmsc=32-bit&utmul=en-us&utmje=0&utmfl=-&utmdt=Banque%20-%20banque%20en%20ligne%20-%20La%20Banque%20Postale%20%E2%80%93%20La%20Banque%20Postale&utmhid=1220013317&utmr=-&utmp=%2Fportail.assomutuelles.html&utmht=1485372186989&utmac=UA-9562247-1&utmcc=__utma%3D103110173.604943071.1485372181.1485372181.1485372181.1%3B%2B__utmz%3D103110173.1485372181.1.1.utmcsr%3D(direct)%7Cutmccn%3D(direct)%7Cutmcmd%3D(none)%3B&utmjid=&utmu=qAAAAAAAAAAAAAAAAAAAAAAE~,utmsc,32-bit
https://www.labanquepostale.fr/portail.assomutuelles.html,GA,https://ssl.google-analytics.com/__utm.gif?utmwv=5.6.7&utms=4&utmn=1578367232&utmhn=www.labanquepostale.fr&utmcs=UTF-8&utmsr=1024x768&utmvp=1920x1080&utmsc=32-bit&utmul=en-us&utmje=0&utmfl=-&utmdt=Banque%20-%20banque%20en%20ligne%20-%20La%20Banque%20Postale%20%E2%80%93%20La%20Banque%20Postale&utmhid=1220013317&utmr=-&utmp=%2Fportail.assomutuelles.html&utmht=1485372186989&utmac=UA-9562247-1&utmcc=__utma%3D103110173.604943071.1485372181.1485372181.1485372181.1%3B%2B__utmz%3D103110173.1485372181.1.1.utmcsr%3D(direct)%7Cutmccn%3D(direct)%7Cutmcmd%3D(none)%3B&utmjid=&utmu=qAAAAAAAAAAAAAAAAAAAAAAE~,utmul,en-us
https://www.labanquepostale.fr/portail.assomutuelles.html,GA,https://ssl.google-analytics.com/__utm.gif?utmwv=5.6.7&utms=4&utmn=1578367232&utmhn=www.labanquepostale.fr&utmcs=UTF-8&utmsr=1024x768&utmvp=1920x1080&utmsc=32-bit&utmul=en-us&utmje=0&utmfl=-&utmdt=Banque%20-%20banque%20en%20ligne%20-%20La%20Banque%20Postale%20%E2%80%93%20La%20Banque%20Postale&utmhid=1220013317&utmr=-&utmp=%2Fportail.assomutuelles.html&utmht=1485372186989&utmac=UA-9562247-1&utmcc=__utma%3D103110173.604943071.1485372181.1485372181.1485372181.1%3B%2B__utmz%3D103110173.1485372181.1.1.utmcsr%3D(direct)%7Cutmccn%3D(direct)%7Cutmcmd%3D(none)%3B&utmjid=&utmu=qAAAAAAAAAAAAAAAAAAAAAAE~,utmje,0
https://www.labanquepostale.fr/portail.assomutuelles.html,GA,https://ssl.google-analytics.com/__utm.gif?utmwv=5.6.7&utms=4&utmn=1578367232&utmhn=www.labanquepostale.fr&utmcs=UTF-8&utmsr=1024x768&utmvp=1920x1080&utmsc=32-bit&utmul=en-us&utmje=0&utmfl=-&utmdt=Banque%20-%20banque%20en%20ligne%20-%20La%20Banque%20Postale%20%E2%80%93%20La%20Banque%20Postale&utmhid=1220013317&utmr=-&utmp=%2Fportail.assomutuelles.html&utmht=1485372186989&utmac=UA-9562247-1&utmcc=__utma%3D103110173.604943071.1485372181.1485372181.1485372181.1%3B%2B__utmz%3D103110173.1485372181.1.1.utmcsr%3D(direct)%7Cutmccn%3D(direct)%7Cutmcmd%3D(none)%3B&utmjid=&utmu=qAAAAAAAAAAAAAAAAAAAAAAE~,utmfl,-
https://www.labanquepostale.fr/portail.assomutuelles.html,GA,https://ssl.google-analytics.com/__utm.gif?utmwv=5.6.7&utms=4&utmn=1578367232&utmhn=www.labanquepostale.fr&utmcs=UTF-8&utmsr=1024x768&utmvp=1920x1080&utmsc=32-bit&utmul=en-us&utmje=0&utmfl=-&utmdt=Banque%20-%20banque%20en%20ligne%20-%20La%20Banque%20Postale%20%E2%80%93%20La%20Banque%20Postale&utmhid=1220013317&utmr=-&utmp=%2Fportail.assomutuelles.html&utmht=1485372186989&utmac=UA-9562247-1&utmcc=__utma%3D103110173.604943071.1485372181.1485372181.1485372181.1%3B%2B__utmz%3D103110173.1485372181.1.1.utmcsr%3D(direct)%7Cutmccn%3D(direct)%7Cutmcmd%3D(none)%3B&utmjid=&utmu=qAAAAAAAAAAAAAAAAAAAAAAE~,utmdt,Banque%20-%20banque%20en%20ligne%20-%20La%20Banque%20Postale%20%E2%80%93%20La%20Banque%20Postale
https://www.labanquepostale.fr/portail.assomutuelles.html,GA,https://ssl.google-analytics.com/__utm.gif?utmwv=5.6.7&utms=4&utmn=1578367232&utmhn=www.labanquepostale.fr&utmcs=UTF-8&utmsr=1024x768&utmvp=1920x1080&utmsc=32-bit&utmul=en-us&utmje=0&utmfl=-&utmdt=Banque%20-%20banque%20en%20ligne%20-%20La%20Banque%20Postale%20%E2%80%93%20La%20Banque%20Postale&utmhid=1220013317&utmr=-&utmp=%2Fportail.assomutuelles.html&utmht=1485372186989&utmac=UA-9562247-1&utmcc=__utma%3D103110173.604943071.1485372181.1485372181.1485372181.1%3B%2B__utmz%3D103110173.1485372181.1.1.utmcsr%3D(direct)%7Cutmccn%3D(direct)%7Cutmcmd%3D(none)%3B&utmjid=&utmu=qAAAAAAAAAAAAAAAAAAAAAAE~,utmhid,1220013317
https://www.labanquepostale.fr/portail.assomutuelles.html,GA,https://ssl.google-analytics.com/__utm.gif?utmwv=5.6.7&utms=4&utmn=1578367232&utmhn=www.labanquepostale.fr&utmcs=UTF-8&utmsr=1024x768&utmvp=1920x1080&utmsc=32-bit&utmul=en-us&utmje=0&utmfl=-&utmdt=Banque%20-%20banque%20en%20ligne%20-%20La%20Banque%20Postale%20%E2%80%93%20La%20Banque%20Postale&utmhid=1220013317&utmr=-&utmp=%2Fportail.assomutuelles.html&utmht=1485372186989&utmac=UA-9562247-1&utmcc=__utma%3D103110173.604943071.1485372181.1485372181.1485372181.1%3B%2B__utmz%3D103110173.1485372181.1.1.utmcsr%3D(direct)%7Cutmccn%3D(direct)%7Cutmcmd%3D(none)%3B&utmjid=&utmu=qAAAAAAAAAAAAAAAAAAAAAAE~,utmr,-
https://www.labanquepostale.fr/portail.assomutuelles.html,GA,https://ssl.google-analytics.com/__utm.gif?utmwv=5.6.7&utms=4&utmn=1578367232&utmhn=www.labanquepostale.fr&utmcs=UTF-8&utmsr=1024x768&utmvp=1920x1080&utmsc=32-bit&utmul=en-us&utmje=0&utmfl=-&utmdt=Banque%20-%20banque%20en%20ligne%20-%20La%20Banque%20Postale%20%E2%80%93%20La%20Banque%20Postale&utmhid=1220013317&utmr=-&utmp=%2Fportail.assomutuelles.html&utmht=1485372186989&utmac=UA-9562247-1&utmcc=__utma%3D103110173.604943071.1485372181.1485372181.1485372181.1%3B%2B__utmz%3D103110173.1485372181.1.1.utmcsr%3D(direct)%7Cutmccn%3D(direct)%7Cutmcmd%3D(none)%3B&utmjid=&utmu=qAAAAAAAAAAAAAAAAAAAAAAE~,utmp,%2Fportail.assomutuelles.html
https://www.labanquepostale.fr/portail.assomutuelles.html,GA,https://ssl.google-analytics.com/__utm.gif?utmwv=5.6.7&utms=4&utmn=1578367232&utmhn=www.labanquepostale.fr&utmcs=UTF-8&utmsr=1024x768&utmvp=1920x1080&utmsc=32-bit&utmul=en-us&utmje=0&utmfl=-&utmdt=Banque%20-%20banque%20en%20ligne%20-%20La%20Banque%20Postale%20%E2%80%93%20La%20Banque%20Postale&utmhid=1220013317&utmr=-&utmp=%2Fportail.assomutuelles.html&utmht=1485372186989&utmac=UA-9562247-1&utmcc=__utma%3D103110173.604943071.1485372181.1485372181.1485372181.1%3B%2B__utmz%3D103110173.1485372181.1.1.utmcsr%3D(direct)%7Cutmccn%3D(direct)%7Cutmcmd%3D(none)%3B&utmjid=&utmu=qAAAAAAAAAAAAAAAAAAAAAAE~,utmht,1485372186989
https://www.labanquepostale.fr/portail.assomutuelles.html,GA,https://ssl.google-analytics.com/__utm.gif?utmwv=5.6.7&utms=4&utmn=1578367232&utmhn=www.labanquepostale.fr&utmcs=UTF-8&utmsr=1024x768&utmvp=1920x1080&utmsc=32-bit&utmul=en-us&utmje=0&utmfl=-&utmdt=Banque%20-%20banque%20en%20ligne%20-%20La%20Banque%20Postale%20%E2%80%93%20La%20Banque%20Postale&utmhid=1220013317&utmr=-&utmp=%2Fportail.assomutuelles.html&utmht=1485372186989&utmac=UA-9562247-1&utmcc=__utma%3D103110173.604943071.1485372181.1485372181.1485372181.1%3B%2B__utmz%3D103110173.1485372181.1.1.utmcsr%3D(direct)%7Cutmccn%3D(direct)%7Cutmcmd%3D(none)%3B&utmjid=&utmu=qAAAAAAAAAAAAAAAAAAAAAAE~,utmac,UA-9562247-1
https://www.labanquepostale.fr/portail.assomutuelles.html,GA,https://ssl.google-analytics.com/__utm.gif?utmwv=5.6.7&utms=4&utmn=1578367232&utmhn=www.labanquepostale.fr&utmcs=UTF-8&utmsr=1024x768&utmvp=1920x1080&utmsc=32-bit&utmul=en-us&utmje=0&utmfl=-&utmdt=Banque%20-%20banque%20en%20ligne%20-%20La%20Banque%20Postale%20%E2%80%93%20La%20Banque%20Postale&utmhid=1220013317&utmr=-&utmp=%2Fportail.assomutuelles.html&utmht=1485372186989&utmac=UA-9562247-1&utmcc=__utma%3D103110173.604943071.1485372181.1485372181.1485372181.1%3B%2B__utmz%3D103110173.1485372181.1.1.utmcsr%3D(direct)%7Cutmccn%3D(direct)%7Cutmcmd%3D(none)%3B&utmjid=&utmu=qAAAAAAAAAAAAAAAAAAAAAAE~,utmcc,__utma%3D103110173.604943071.1485372181.1485372181.1485372181.1%3B%2B__utmz%3D103110173.1485372181.1.1.utmcsr%3D(direct)%7Cutmccn%3D(direct)%7Cutmcmd%3D(none)%3B
https://www.labanquepostale.fr/portail.assomutuelles.html,GA,https://ssl.google-analytics.com/__utm.gif?utmwv=5.6.7&utms=4&utmn=1578367232&utmhn=www.labanquepostale.fr&utmcs=UTF-8&utmsr=1024x768&utmvp=1920x1080&utmsc=32-bit&utmul=en-us&utmje=0&utmfl=-&utmdt=Banque%20-%20banque%20en%20ligne%20-%20La%20Banque%20Postale%20%E2%80%93%20La%20Banque%20Postale&utmhid=1220013317&utmr=-&utmp=%2Fportail.assomutuelles.html&utmht=1485372186989&utmac=UA-9562247-1&utmcc=__utma%3D103110173.604943071.1485372181.1485372181.1485372181.1%3B%2B__utmz%3D103110173.1485372181.1.1.utmcsr%3D(direct)%7Cutmccn%3D(direct)%7Cutmcmd%3D(none)%3B&utmjid=&utmu=qAAAAAAAAAAAAAAAAAAAAAAE~,utmjid,
https://www.labanquepostale.fr/portail.assomutuelles.html,GA,https://ssl.google-analytics.com/__utm.gif?utmwv=5.6.7&utms=4&utmn=1578367232&utmhn=www.labanquepostale.fr&utmcs=UTF-8&utmsr=1024x768&utmvp=1920x1080&utmsc=32-bit&utmul=en-us&utmje=0&utmfl=-&utmdt=Banque%20-%20banque%20en%20ligne%20-%20La%20Banque%20Postale%20%E2%80%93%20La%20Banque%20Postale&utmhid=1220013317&utmr=-&utmp=%2Fportail.assomutuelles.html&utmht=1485372186989&utmac=UA-9562247-1&utmcc=__utma%3D103110173.604943071.1485372181.1485372181.1485372181.1%3B%2B__utmz%3D103110173.1485372181.1.1.utmcsr%3D(direct)%7Cutmccn%3D(direct)%7Cutmcmd%3D(none)%3B&utmjid=&utmu=qAAAAAAAAAAAAAAAAAAAAAAE~,utmu,qAAAAAAAAAAAAAAAAAAAAAAE~
https://www.labanquepostale.fr/portail.assomutuelles.html,1000mercis,https://mmtro.com/p?tagid=6545227-27ab63cf40b61ceb2e41f503aeaf4393&vck=1&r1=300c6bec-3df4-49af-baf2-2a7fbd8b6973&vruid=300c6bec-3df4-49af-baf2-2a7fbd8b6973&rtgxiti_xtpage=particuliers%3A%3Aaccueil_ASSOCIATIONS%20ET%20MUTUELLES&u=https%3A%2F%2Fwww.labanquepostale.fr%2Fportail.assomutuelles.html&rnd=698341427,tagid,6545227-27ab63cf40b61ceb2e41f503aeaf4393
https://www.labanquepostale.fr/portail.assomutuelles.html,1000mercis,https://mmtro.com/p?tagid=6545227-27ab63cf40b61ceb2e41f503aeaf4393&vck=1&r1=300c6bec-3df4-49af-baf2-2a7fbd8b6973&vruid=300c6bec-3df4-49af-baf2-2a7fbd8b6973&rtgxiti_xtpage=particuliers%3A%3Aaccueil_ASSOCIATIONS%20ET%20MUTUELLES&u=https%3A%2F%2Fwww.labanquepostale.fr%2Fportail.assomutuelles.html&rnd=698341427,vck,1
https://www.labanquepostale.fr/portail.assomutuelles.html,1000mercis,https://mmtro.com/p?tagid=6545227-27ab63cf40b61ceb2e41f503aeaf4393&vck=1&r1=300c6bec-3df4-49af-baf2-2a7fbd8b6973&vruid=300c6bec-3df4-49af-baf2-2a7fbd8b6973&rtgxiti_xtpage=particuliers%3A%3Aaccueil_ASSOCIATIONS%20ET%20MUTUELLES&u=https%3A%2F%2Fwww.labanquepostale.fr%2Fportail.assomutuelles.html&rnd=698341427,r1,300c6bec-3df4-49af-baf2-2a7fbd8b6973
https://www.labanquepostale.fr/portail.assomutuelles.html,1000mercis,https://mmtro.com/p?tagid=6545227-27ab63cf40b61ceb2e41f503aeaf4393&vck=1&r1=300c6bec-3df4-49af-baf2-2a7fbd8b6973&vruid=300c6bec-3df4-49af-baf2-2a7fbd8b6973&rtgxiti_xtpage=particuliers%3A%3Aaccueil_ASSOCIATIONS%20ET%20MUTUELLES&u=https%3A%2F%2Fwww.labanquepostale.fr%2Fportail.assomutuelles.html&rnd=698341427,vruid,300c6bec-3df4-49af-baf2-2a7fbd8b6973
https://www.labanquepostale.fr/portail.assomutuelles.html,1000mercis,https://mmtro.com/p?tagid=6545227-27ab63cf40b61ceb2e41f503aeaf4393&vck=1&r1=300c6bec-3df4-49af-baf2-2a7fbd8b6973&vruid=300c6bec-3df4-49af-baf2-2a7fbd8b6973&rtgxiti_xtpage=particuliers%3A%3Aaccueil_ASSOCIATIONS%20ET%20MUTUELLES&u=https%3A%2F%2Fwww.labanquepostale.fr%2Fportail.assomutuelles.html&rnd=698341427,rtgxiti_xtpage,particuliers%3A%3Aaccueil_ASSOCIATIONS%20ET%20MUTUELLES
https://www.labanquepostale.fr/portail.assomutuelles.html,1000mercis,https://mmtro.com/p?tagid=6545227-27ab63cf40b61ceb2e41f503aeaf4393&vck=1&r1=300c6bec-3df4-49af-baf2-2a7fbd8b6973&vruid=300c6bec-3df4-49af-baf2-2a7fbd8b6973&rtgxiti_xtpage=particuliers%3A%3Aaccueil_ASSOCIATIONS%20ET%20MUTUELLES&u=https%3A%2F%2Fwww.labanquepostale.fr%2Fportail.assomutuelles.html&rnd=698341427,u,https%3A%2F%2Fwww.labanquepostale.fr%2Fportail.assomutuelles.html
https://www.labanquepostale.fr/portail.assomutuelles.html,1000mercis,https://mmtro.com/p?tagid=6545227-27ab63cf40b61ceb2e41f503aeaf4393&vck=1&r1=300c6bec-3df4-49af-baf2-2a7fbd8b6973&vruid=300c6bec-3df4-49af-baf2-2a7fbd8b6973&rtgxiti_xtpage=particuliers%3A%3Aaccueil_ASSOCIATIONS%20ET%20MUTUELLES&u=https%3A%2F%2Fwww.labanquepostale.fr%2Fportail.assomutuelles.html&rnd=698341427,rnd,698341427
